name,num_points,width,height,points,uuid,image_path,type,variant,id,image,order,gt_image,task,description
Fire-Silhouette,30,1.0,1.0,"[{'x': 0.12938815422870492, 'y': 0.4206259562729467, 'order': 1}, {'x': 0.13399312735730926, 'y': 0.30372553751633014, 'order': 2}, {'x': 0.17879693382288359, 'y': 0.196404417229906, 'order': 3}, {'x': 0.263206941087937, 'y': 0.1159483231597869, 'order': 4}, {'x': 0.369333213956903, 'y': 0.06715383974585909, 'order': 5}, {'x': 0.4853091324919572, 'y': 0.05014862372187382, 'order': 6}, {'x': 0.6021943032977832, 'y': 0.05957751873179664, 'order': 7}, {'x': 0.7126857770374673, 'y': 0.09708214504992813, 'order': 8}, {'x': 0.8056603047293324, 'y': 0.16715925295683096, 'order': 9}, {'x': 0.8624635198356858, 'y': 0.26870784825415883, 'order': 10}, {'x': 0.8701951542554331, 'y': 0.3848677717228228, 'order': 11}, {'x': 0.8375118543957205, 'y': 0.4973074042510099, 'order': 12}, {'x': 0.8153302701240832, 'y': 0.38347211275376, 'order': 13}, {'x': 0.7169114672695734, 'y': 0.3518159166084559, 'order': 14}, {'x': 0.6856939299144603, 'y': 0.45339460035417817, 'order': 15}, {'x': 0.7115922390627911, 'y': 0.5681490659819608, 'order': 16}, {'x': 0.6995868069780421, 'y': 0.6827638854362035, 'order': 17}, {'x': 0.6549125633182107, 'y': 0.6867182219059194, 'order': 18}, {'x': 0.5803928422919906, 'y': 0.6062974107468829, 'order': 19}, {'x': 0.47201825872661257, 'y': 0.638270374584226, 'order': 20}, {'x': 0.4232122365136207, 'y': 0.7417979293793989, 'order': 21}, {'x': 0.4256727809928312, 'y': 0.8584634015941001, 'order': 22}, {'x': 0.43558918454439516, 'y': 0.9359778136017712, 'order': 23}, {'x': 0.35168048722896084, 'y': 0.8550138629205046, 'order': 24}, {'x': 0.3162189875875309, 'y': 0.7446318355721456, 'order': 25}, {'x': 0.3245962835090698, 'y': 0.6281453701501067, 'order': 26}, {'x': 0.33967424991470685, 'y': 0.5117564259437237, 'order': 27}, {'x': 0.2669968597304247, 'y': 0.43686881790256904, 'order': 28}, {'x': 0.1919474292509544, 'y': 0.5092831441040258, 'order': 29}, {'x': 0.16219895608705945, 'y': 0.5327136823438823, 'order': 30}]",f33b2e50-6540-418e-bc06-ec21e2b9b7b3,/Users/log/Github/sketchvlm/datasets/connect_dots_dataset/outlines_gt/Fire-Silhouette.png,outlines,outlines_gt,,,,,,
fish-tropical,30,1.0,1.0,"[{'x': 0.05108272084742718, 'y': 0.4362299289012501, 'order': 1}, {'x': 0.061275860687810255, 'y': 0.5343832301444307, 'order': 2}, {'x': 0.09139316112018372, 'y': 0.6280532859298311, 'order': 3}, {'x': 0.1587118323808211, 'y': 0.5852305795722257, 'order': 4}, {'x': 0.21728398847581148, 'y': 0.5113871426205175, 'order': 5}, {'x': 0.20431828851737632, 'y': 0.6091763450349816, 'order': 6}, {'x': 0.19885759383845944, 'y': 0.7076730370663894, 'order': 7}, {'x': 0.2131977872647569, 'y': 0.7756318523728001, 'order': 8}, {'x': 0.31118099644569697, 'y': 0.785675615379062, 'order': 9}, {'x': 0.4096452807475536, 'y': 0.7780942043478838, 'order': 10}, {'x': 0.5078676479948685, 'y': 0.7678552737245415, 'order': 11}, {'x': 0.6021335128878456, 'y': 0.73814278677577, 'order': 12}, {'x': 0.6902821817845757, 'y': 0.6946940866299933, 'order': 13}, {'x': 0.7555657572128097, 'y': 0.6214439300747555, 'order': 14}, {'x': 0.7869158030449747, 'y': 0.5286066158308769, 'order': 15}, {'x': 0.8417656229562605, 'y': 0.44868431952520954, 'order': 16}, {'x': 0.9267854731228136, 'y': 0.4010222521832361, 'order': 17}, {'x': 0.9347271302824114, 'y': 0.36499439117700544, 'order': 18}, {'x': 0.8382529996491336, 'y': 0.35169949416026247, 'order': 19}, {'x': 0.7554947684677592, 'y': 0.29835775938620174, 'order': 20}, {'x': 0.6659120419904958, 'y': 0.25986305946986077, 'order': 21}, {'x': 0.5677815921346003, 'y': 0.24806051839678844, 'order': 22}, {'x': 0.46965114227870497, 'y': 0.23625797732371612, 'order': 23}, {'x': 0.3715206924228096, 'y': 0.2244554362506438, 'order': 24}, {'x': 0.2736205886053842, 'y': 0.2169007445186635, 'order': 25}, {'x': 0.18652046052966093, 'y': 0.2554489942582101, 'order': 26}, {'x': 0.18129532200129628, 'y': 0.34648361483051077, 'order': 27}, {'x': 0.23172579041318464, 'y': 0.4259376056325028, 'order': 28}, {'x': 0.16469894406332047, 'y': 0.4031172577313212, 'order': 29}, {'x': 0.07796607219629785, 'y': 0.3557221725177614, 'order': 30}]",b07668d2-adae-4458-91a7-cf3870e426b5,/Users/log/Github/sketchvlm/datasets/connect_dots_dataset/outlines_gt/fish-tropical.png,outlines,outlines_gt,,,,,,
Retro-Floral-Butterfly-Silhouette,30,1.0,1.0,"[{'x': 0.06561983069629414, 'y': 0.7584165629009932, 'order': 1}, {'x': 0.10669229179766253, 'y': 0.6003566392467898, 'order': 2}, {'x': 0.2361341872541703, 'y': 0.5316942844618555, 'order': 3}, {'x': 0.17883351334091555, 'y': 0.45419744829074077, 'order': 4}, {'x': 0.1629878417580982, 'y': 0.3045863847385084, 'order': 5}, {'x': 0.21276359006259984, 'y': 0.14953306735823105, 'order': 6}, {'x': 0.34531000371896275, 'y': 0.1475880751073522, 'order': 7}, {'x': 0.4211193723970659, 'y': 0.29195429984648114, 'order': 8}, {'x': 0.47530150425652984, 'y': 0.4465299548521071, 'order': 9}, {'x': 0.519634647516061, 'y': 0.3779706175364975, 'order': 10}, {'x': 0.5557888088734526, 'y': 0.36330220954498627, 'order': 11}, {'x': 0.6149828158720358, 'y': 0.21092705094746125, 'order': 12}, {'x': 0.7303750481819092, 'y': 0.10715188357147597, 'order': 13}, {'x': 0.8193728190084588, 'y': 0.23174144125380977, 'order': 14}, {'x': 0.8484867782727005, 'y': 0.39265410300427483, 'order': 15}, {'x': 0.7514583486475225, 'y': 0.509284885653204, 'order': 16}, {'x': 0.84813968375612, 'y': 0.5456690446672365, 'order': 17}, {'x': 0.911916993778643, 'y': 0.6859839045437732, 'order': 18}, {'x': 0.9469030844311648, 'y': 0.8432138745498713, 'order': 19}, {'x': 0.8101548587129478, 'y': 0.874752980130191, 'order': 20}, {'x': 0.6674355624926354, 'y': 0.7949688519482779, 'order': 21}, {'x': 0.5665916297198398, 'y': 0.6680138752842415, 'order': 22}, {'x': 0.5207251591564193, 'y': 0.6429370228181165, 'order': 23}, {'x': 0.5523518617684764, 'y': 0.729866609409569, 'order': 24}, {'x': 0.4761401317058843, 'y': 0.6582271435684319, 'order': 25}, {'x': 0.44986442538404864, 'y': 0.7112003448131873, 'order': 26}, {'x': 0.47093792461257444, 'y': 0.6045608837409876, 'order': 27}, {'x': 0.38242304977937597, 'y': 0.7417301137340252, 'order': 28}, {'x': 0.255764223242391, 'y': 0.8435398088695382, 'order': 29}, {'x': 0.10196880386294287, 'y': 0.8929626850831708, 'order': 30}]",9c744342-5478-4c3a-9899-9412df152e98,/Users/log/Github/sketchvlm/datasets/connect_dots_dataset/outlines_gt/Retro-Floral-Butterfly-Silhouette.png,outlines,outlines_gt,,,,,,
bottle-longneck,30,1.0,1.0,"[{'x': 0.3873612763262596, 'y': 0.4879105485426486, 'order': 1}, {'x': 0.38786402602678755, 'y': 0.41792262115014134, 'order': 2}, {'x': 0.3883667757273155, 'y': 0.34793469375763425, 'order': 3}, {'x': 0.3888695254278434, 'y': 0.2779467663651269, 'order': 4}, {'x': 0.38937227512837136, 'y': 0.20795883897261963, 'order': 5}, {'x': 0.3898750248288993, 'y': 0.13797091158011232, 'order': 6}, {'x': 0.39568768607201343, 'y': 0.06853044970162324, 'order': 7}, {'x': 0.46324567891199075, 'y': 0.0534494133570257, 'order': 8}, {'x': 0.5332065018339481, 'y': 0.05143794771158983, 'order': 9}, {'x': 0.598920752661298, 'y': 0.06803441988212791, 'order': 10}, {'x': 0.6100825997119153, 'y': 0.1356826891945915, 'order': 11}, {'x': 0.6105996536404327, 'y': 0.20567051237259326, 'order': 12}, {'x': 0.6111167075689501, 'y': 0.27565833555059516, 'order': 13}, {'x': 0.6116337614974675, 'y': 0.34564615872859694, 'order': 14}, {'x': 0.6121508154259849, 'y': 0.4156339819065987, 'order': 15}, {'x': 0.6126678693545022, 'y': 0.4856218050846005, 'order': 16}, {'x': 0.6086222618761647, 'y': 0.5551034206356977, 'order': 17}, {'x': 0.5805339588927482, 'y': 0.618749008987741, 'order': 18}, {'x': 0.5595823898672115, 'y': 0.6840567013218645, 'order': 19}, {'x': 0.5544684592971795, 'y': 0.7538593549396542, 'order': 20}, {'x': 0.5493545287271475, 'y': 0.823662008557444, 'order': 21}, {'x': 0.5529302866746726, 'y': 0.8913841625000876, 'order': 22}, {'x': 0.5350923018343178, 'y': 0.9479004342736564, 'order': 23}, {'x': 0.4651962530380487, 'y': 0.94794322474336, 'order': 24}, {'x': 0.4433991509817582, 'y': 0.8918798969208729, 'order': 25}, {'x': 0.44917151830996455, 'y': 0.826217837437412, 'order': 26}, {'x': 0.4438133906728676, 'y': 0.7564335039077092, 'order': 27}, {'x': 0.43845526303577065, 'y': 0.6866491703780062, 'order': 28}, {'x': 0.4191438415144927, 'y': 0.6209067312659335, 'order': 29}, {'x': 0.3905391969403073, 'y': 0.55743418112785, 'order': 30}]",1ff49a07-1373-4b3e-90fa-8afa66cddc88,/Users/log/Github/sketchvlm/datasets/connect_dots_dataset/outlines_gt/bottle-longneck.png,outlines,outlines_gt,,,,,,
apple,30,1.0,1.0,"[{'x': 0.051799651969598855, 'y': 0.5899962014429944, 'order': 1}, {'x': 0.06562559215106603, 'y': 0.4991064711606462, 'order': 2}, {'x': 0.08642425838787682, 'y': 0.4102331221624188, 'order': 3}, {'x': 0.12324275084859232, 'y': 0.3259924057266016, 'order': 4}, {'x': 0.17020340091507685, 'y': 0.24816035387169794, 'order': 5}, {'x': 0.2304795025274399, 'y': 0.17874211947240184, 'order': 6}, {'x': 0.30536360225824755, 'y': 0.12722169695280536, 'order': 7}, {'x': 0.3952135066184611, 'y': 0.12032493467355763, 'order': 8}, {'x': 0.48432253045769585, 'y': 0.1429453140496471, 'order': 9}, {'x': 0.5734496074641073, 'y': 0.12822157645202223, 'order': 10}, {'x': 0.6630434332970206, 'y': 0.12078471992007218, 'order': 11}, {'x': 0.746572064494795, 'y': 0.15649794145794507, 'order': 12}, {'x': 0.8086084652922185, 'y': 0.22375966879192927, 'order': 13}, {'x': 0.8638145546707522, 'y': 0.296381434282906, 'order': 14}, {'x': 0.9006335696483074, 'y': 0.38062192234406395, 'order': 15}, {'x': 0.9295142271830247, 'y': 0.4671580689889916, 'order': 16}, {'x': 0.943340340188239, 'y': 0.558047772981614, 'order': 17}, {'x': 0.941186742675644, 'y': 0.648657349878578, 'order': 18}, {'x': 0.9228818188143486, 'y': 0.7384156283159106, 'order': 19}, {'x': 0.8660534925892358, 'y': 0.8106834706190513, 'order': 20}, {'x': 0.7874911110228925, 'y': 0.8555432468793501, 'order': 21}, {'x': 0.6994113313462725, 'y': 0.8775600008445253, 'order': 22}, {'x': 0.6081537392307316, 'y': 0.8827781276384048, 'order': 23}, {'x': 0.517154480332215, 'y': 0.8696924647732591, 'order': 24}, {'x': 0.4261244695087512, 'y': 0.8685512568591007, 'order': 25}, {'x': 0.3350590373104808, 'y': 0.8811681800673055, 'order': 26}, {'x': 0.24421834457165137, 'y': 0.8670236321625788, 'order': 27}, {'x': 0.16109170272546597, 'y': 0.8287133276560431, 'order': 28}, {'x': 0.09858672947466353, 'y': 0.7633692288921633, 'order': 29}, {'x': 0.0653395647237463, 'y': 0.6803104009003442, 'order': 30}]",7761145b-30a8-4879-b947-4b9240af9a2c,/Users/log/Github/sketchvlm/datasets/connect_dots_dataset/outlines_gt/apple.png,outlines,outlines_gt,,,,,,
Mustache-Silhouette-3,30,1.0,1.0,"[{'x': 0.0518762480538447, 'y': 0.6926205218028041, 'order': 1}, {'x': 0.07022797782340133, 'y': 0.7870053649098626, 'order': 2}, {'x': 0.07390146412988581, 'y': 0.6906597617769431, 'order': 3}, {'x': 0.10089684163212903, 'y': 0.5983698319022048, 'order': 4}, {'x': 0.1466171844377968, 'y': 0.5143699508503756, 'order': 5}, {'x': 0.21259824667138863, 'y': 0.44544973556626016, 'order': 6}, {'x': 0.2940873710040209, 'y': 0.3945096334457993, 'order': 7}, {'x': 0.3867276707000957, 'y': 0.36842221050952395, 'order': 8}, {'x': 0.48315467208004304, 'y': 0.37247035332173434, 'order': 9}, {'x': 0.5754190640509953, 'y': 0.3977655619151475, 'order': 10}, {'x': 0.6563907578739068, 'y': 0.4497166138490747, 'order': 11}, {'x': 0.7062387217720435, 'y': 0.5008175124730135, 'order': 12}, {'x': 0.7613114708605394, 'y': 0.580155429090052, 'order': 13}, {'x': 0.8163842199490353, 'y': 0.6594933457070906, 'order': 14}, {'x': 0.8839811721982749, 'y': 0.7232409390375936, 'order': 15}, {'x': 0.9401092696640699, 'y': 0.6528967486473861, 'order': 16}, {'x': 0.9482249903602941, 'y': 0.5574572753838792, 'order': 17}, {'x': 0.9228711587282641, 'y': 0.4647316052811496, 'order': 18}, {'x': 0.8727974907851935, 'y': 0.3829306132968174, 'order': 19}, {'x': 0.8037486079224059, 'y': 0.3154045851247293, 'order': 20}, {'x': 0.7217571583046307, 'y': 0.26532926078421654, 'order': 21}, {'x': 0.6320561819761246, 'y': 0.23196482569946428, 'order': 22}, {'x': 0.537421190680874, 'y': 0.2159011378724157, 'order': 23}, {'x': 0.4408689373532134, 'y': 0.21817601867101744, 'order': 24}, {'x': 0.3479032769742057, 'y': 0.2439467882068618, 'order': 25}, {'x': 0.26098671513585076, 'y': 0.28474071316588423, 'order': 26}, {'x': 0.18424877649677887, 'y': 0.3426921716496592, 'order': 27}, {'x': 0.12359690737587724, 'y': 0.4174922321451875, 'order': 28}, {'x': 0.08022018451443592, 'y': 0.503360277514635, 'order': 29}, {'x': 0.05593120459305957, 'y': 0.5964355607738816, 'order': 30}]",6f8e47cc-1891-479e-bb31-a79b209937dd,/Users/log/Github/sketchvlm/datasets/connect_dots_dataset/outlines_gt/Mustache-Silhouette-3.png,outlines,outlines_gt,,,,,,
Beaver-icon,30,1.0,1.0,"[{'x': 0.05312411873165294, 'y': 0.34228090678517553, 'order': 1}, {'x': 0.09074398844815001, 'y': 0.268158877725136, 'order': 2}, {'x': 0.1754591276405066, 'y': 0.2746179673474535, 'order': 3}, {'x': 0.2540343510082672, 'y': 0.3160365381345666, 'order': 4}, {'x': 0.33154004545452165, 'y': 0.35966018577458003, 'order': 5}, {'x': 0.4190685096472167, 'y': 0.36277771360006206, 'order': 6}, {'x': 0.5077036979676435, 'y': 0.3689036674974822, 'order': 7}, {'x': 0.5964773849458054, 'y': 0.36401895296921627, 'order': 8}, {'x': 0.6847942404382018, 'y': 0.37015208426175394, 'order': 9}, {'x': 0.6318127572928837, 'y': 0.41031850379195245, 'order': 10}, {'x': 0.6159728743465382, 'y': 0.4444180272377658, 'order': 11}, {'x': 0.6940716750276035, 'y': 0.474703745746575, 'order': 12}, {'x': 0.7774751397283577, 'y': 0.44381657396076285, 'order': 13}, {'x': 0.8400495829950401, 'y': 0.4165126566065888, 'order': 14}, {'x': 0.7916077816608943, 'y': 0.4840013964143663, 'order': 15}, {'x': 0.8240894623693822, 'y': 0.5274713560254825, 'order': 16}, {'x': 0.8939171260561148, 'y': 0.5796787034214175, 'order': 17}, {'x': 0.9477903804238303, 'y': 0.639253779736332, 'order': 18}, {'x': 0.8757467633212067, 'y': 0.6870750375945953, 'order': 19}, {'x': 0.7931767428649172, 'y': 0.708924091832947, 'order': 20}, {'x': 0.7042807867821417, 'y': 0.7061556451302758, 'order': 21}, {'x': 0.6172694415627229, 'y': 0.7245725153346109, 'order': 22}, {'x': 0.5301631906676278, 'y': 0.7410987147824053, 'order': 23}, {'x': 0.44433273953753677, 'y': 0.722080074003908, 'order': 24}, {'x': 0.3863826239433006, 'y': 0.6553118085437649, 'order': 25}, {'x': 0.34795327607554033, 'y': 0.575395721534829, 'order': 26}, {'x': 0.32752805961682135, 'y': 0.4892621515601196, 'order': 27}, {'x': 0.2810948734345594, 'y': 0.4302249963680824, 'order': 28}, {'x': 0.19240318331052686, 'y': 0.4265236845777259, 'order': 29}, {'x': 0.10664497404298602, 'y': 0.4072634162590787, 'order': 30}]",2e93c223-01bc-4106-989f-8d7af5c251ab,/Users/log/Github/sketchvlm/datasets/connect_dots_dataset/outlines_gt/Beaver-icon.png,outlines,outlines_gt,,,,,,
hexagram-silhouette,30,1.0,1.0,"[{'x': 0.05004220260330722, 'y': 0.5000149926847837, 'order': 1}, {'x': 0.13995271473520127, 'y': 0.5519474746054261, 'order': 2}, {'x': 0.22994763712244481, 'y': 0.6038799477790981, 'order': 3}, {'x': 0.275, 'y': 0.6817665429193074, 'order': 4}, {'x': 0.275, 'y': 0.7856706709673313, 'order': 5}, {'x': 0.275, 'y': 0.8895747990153556, 'order': 6}, {'x': 0.3649856332690761, 'y': 0.8376508226665585, 'order': 7}, {'x': 0.45497836513603307, 'y': 0.7857145536771313, 'order': 8}, {'x': 0.5449710970029903, 'y': 0.7856853874557335, 'order': 9}, {'x': 0.6349638288699474, 'y': 0.8376216564451607, 'order': 10}, {'x': 0.7249565607369044, 'y': 0.889557925434588, 'order': 11}, {'x': 0.7250000000000001, 'y': 0.7857290211503879, 'order': 12}, {'x': 0.7250000000000001, 'y': 0.6818248931023638, 'order': 13}, {'x': 0.7700007284201017, 'y': 0.6039072137769691, 'order': 14}, {'x': 0.8599934602870585, 'y': 0.5519709447875419, 'order': 15}, {'x': 0.9499861921540156, 'y': 0.5000346757981146, 'order': 16}, {'x': 0.8600303240122433, 'y': 0.4480823855453207, 'order': 17}, {'x': 0.7700468415976729, 'y': 0.39613009283396095, 'order': 18}, {'x': 0.7250028085150745, 'y': 0.31823369466214246, 'order': 19}, {'x': 0.7250084324327106, 'y': 0.2143295667663183, 'order': 20}, {'x': 0.7250140563503469, 'y': 0.11042543887049422, 'order': 21}, {'x': 0.6350213244833898, 'y': 0.1623617078599215, 'order': 22}, {'x': 0.5450285926164327, 'y': 0.21429797684934876, 'order': 23}, {'x': 0.4550358607494756, 'y': 0.2143189496382029, 'order': 24}, {'x': 0.36504312888251855, 'y': 0.1623826806487756, 'order': 25}, {'x': 0.27505039701556144, 'y': 0.11044641165934826, 'order': 26}, {'x': 0.27501405635034676, 'y': 0.21428760858417856, 'order': 27}, {'x': 0.27501405635034676, 'y': 0.3181917366322026, 'order': 28}, {'x': 0.23001051760693098, 'y': 0.39611274585423073, 'order': 29}, {'x': 0.14002636010511904, 'y': 0.44806386926950725, 'order': 30}]",42e70e61-773e-4feb-b74d-23a588099248,/Users/log/Github/sketchvlm/datasets/connect_dots_dataset/outlines_gt/hexagram-silhouette.png,outlines,outlines_gt,,,,,,
Old-Car-Silhouette,30,1.0,1.0,"[{'x': 0.05507035961520616, 'y': 0.4707411176952538, 'order': 1}, {'x': 0.1105282112082953, 'y': 0.4398652693115685, 'order': 2}, {'x': 0.15900337982155963, 'y': 0.3992923968377646, 'order': 3}, {'x': 0.2255624073989289, 'y': 0.41216384852862836, 'order': 4}, {'x': 0.2692495261012062, 'y': 0.4258798801165344, 'order': 5}, {'x': 0.3408334811812626, 'y': 0.42597519905959125, 'order': 6}, {'x': 0.412417436261319, 'y': 0.42607051800264817, 'order': 7}, {'x': 0.4840013913413754, 'y': 0.42616583694570503, 'order': 8}, {'x': 0.5555853464214318, 'y': 0.4262611558887619, 'order': 9}, {'x': 0.6271693015014881, 'y': 0.4263564748318188, 'order': 10}, {'x': 0.6727487135637134, 'y': 0.40129719810763004, 'order': 11}, {'x': 0.7401470865418738, 'y': 0.41108912955491056, 'order': 12}, {'x': 0.7818568119951219, 'y': 0.4385876638089534, 'order': 13}, {'x': 0.8534363125696564, 'y': 0.4393919076181711, 'order': 14}, {'x': 0.922133609342327, 'y': 0.4506707160613491, 'order': 15}, {'x': 0.9426635028240997, 'y': 0.4832850649203684, 'order': 16}, {'x': 0.9137340435690451, 'y': 0.5282597160441387, 'order': 17}, {'x': 0.8787434607635841, 'y': 0.543734171212646, 'order': 18}, {'x': 0.8071608757745485, 'y': 0.544187201997437, 'order': 19}, {'x': 0.7355782907855133, 'y': 0.5446402327822278, 'order': 20}, {'x': 0.6728661294325876, 'y': 0.569073687421369, 'order': 21}, {'x': 0.6118423108158384, 'y': 0.5999726956478483, 'order': 22}, {'x': 0.540337534912003, 'y': 0.6024148338445507, 'order': 23}, {'x': 0.46876034657159116, 'y': 0.6034036816011286, 'order': 24}, {'x': 0.39777904017114574, 'y': 0.6023872168703439, 'order': 25}, {'x': 0.3383566717061462, 'y': 0.5624716329886786, 'order': 26}, {'x': 0.27346960196126446, 'y': 0.5395893728835154, 'order': 27}, {'x': 0.20191652520693787, 'y': 0.5374848735145733, 'order': 28}, {'x': 0.13036344845261125, 'y': 0.5353803741456312, 'order': 29}, {'x': 0.06235462401920792, 'y': 0.5160099414391428, 'order': 30}]",64197c9d-ad7f-413c-9795-3ce86ae074b0,/Users/log/Github/sketchvlm/datasets/connect_dots_dataset/outlines_gt/Old-Car-Silhouette.png,outlines,outlines_gt,,,,,,
AnimalSilhouettes2-Squirrel,30,1.0,1.0,"[{'x': 0.057690701963791245, 'y': 0.44510740351219796, 'order': 1}, {'x': 0.16795993971713383, 'y': 0.4518408383294222, 'order': 2}, {'x': 0.10734812174102701, 'y': 0.4971943056103923, 'order': 3}, {'x': 0.10252387594783073, 'y': 0.6070320974555841, 'order': 4}, {'x': 0.1361046671604025, 'y': 0.719043915146693, 'order': 5}, {'x': 0.1762617552400867, 'y': 0.6861731146200833, 'order': 6}, {'x': 0.25423914192120944, 'y': 0.7471025844126439, 'order': 7}, {'x': 0.30195350592811493, 'y': 0.6847073392574877, 'order': 8}, {'x': 0.3431354761728371, 'y': 0.586976110902115, 'order': 9}, {'x': 0.46154705705661775, 'y': 0.5618957459927666, 'order': 10}, {'x': 0.47686942906087326, 'y': 0.6442131546457343, 'order': 11}, {'x': 0.5015975931274779, 'y': 0.7620296500743878, 'order': 12}, {'x': 0.5842090911929668, 'y': 0.8478043780199925, 'order': 13}, {'x': 0.7013840644583703, 'y': 0.8756150418979396, 'order': 14}, {'x': 0.8184480335899531, 'y': 0.8479959393698724, 'order': 15}, {'x': 0.9157182459692097, 'y': 0.7767474869144477, 'order': 16}, {'x': 0.9457264653282916, 'y': 0.6634661947794672, 'order': 17}, {'x': 0.8436873868400615, 'y': 0.6609860483122858, 'order': 18}, {'x': 0.7284720399813709, 'y': 0.6730929983383357, 'order': 19}, {'x': 0.7261442371266056, 'y': 0.5540187054587921, 'order': 20}, {'x': 0.7219406839348316, 'y': 0.4336232425558548, 'order': 21}, {'x': 0.7045066694642761, 'y': 0.3132953849237441, 'order': 22}, {'x': 0.6578249903186506, 'y': 0.2035154667569804, 'order': 23}, {'x': 0.551349340355225, 'y': 0.16375176099755676, 'order': 24}, {'x': 0.48714693700669437, 'y': 0.13746572126376763, 'order': 25}, {'x': 0.4099716119807625, 'y': 0.16025825255177925, 'order': 26}, {'x': 0.3346836934164675, 'y': 0.13887114768923328, 'order': 27}, {'x': 0.32043929029876445, 'y': 0.24337705234739784, 'order': 28}, {'x': 0.24100214426278566, 'y': 0.3280735589458565, 'order': 29}, {'x': 0.1453481128201362, 'y': 0.390242426551874, 'order': 30}]",b3c4000a-2394-436d-b8be-32a6792ab399,/Users/log/Github/sketchvlm/datasets/connect_dots_dataset/outlines_gt/AnimalSilhouettes2-Squirrel.png,outlines,outlines_gt,,,,,,
Maltese-Cross-Silhouette,30,1.0,1.0,"[{'x': 0.050000000000000024, 'y': 0.6351371029938707, 'order': 1}, {'x': 0.05000000000000014, 'y': 0.48881857436986675, 'order': 2}, {'x': 0.05000000000000026, 'y': 0.3425000457458626, 'order': 3}, {'x': 0.1893862316172228, 'y': 0.38700335294034455, 'order': 4}, {'x': 0.33235308137279307, 'y': 0.41591755181144563, 'order': 5}, {'x': 0.4231304096643234, 'y': 0.38263491039590003, 'order': 6}, {'x': 0.40235433898778267, 'y': 0.2377989110520328, 'order': 7}, {'x': 0.35794993039906514, 'y': 0.09838982241412594, 'order': 8}, {'x': 0.43802202148556424, 'y': 0.05000000000000013, 'order': 9}, {'x': 0.5843405501095684, 'y': 0.050000000000000315, 'order': 10}, {'x': 0.6352483677643835, 'y': 0.11969298512434436, 'order': 11}, {'x': 0.5944704805807588, 'y': 0.25993501591494356, 'order': 12}, {'x': 0.5736944306151975, 'y': 0.4047710182297061, 'order': 13}, {'x': 0.6897831939969181, 'y': 0.41274221487721285, 'order': 14}, {'x': 0.8319171357509336, 'y': 0.38020158823525163, 'order': 15}, {'x': 0.9499999960066116, 'y': 0.364862904783249, 'order': 16}, {'x': 0.9499999698783074, 'y': 0.5111814334072506, 'order': 17}, {'x': 0.9499999437500033, 'y': 0.6574999620312526, 'order': 18}, {'x': 0.8106136108870697, 'y': 0.6129964562174748, 'order': 19}, {'x': 0.6676467603831852, 'y': 0.5840822594344259, 'order': 20}, {'x': 0.5768697357307881, 'y': 0.6173651897489778, 'order': 21}, {'x': 0.5976457893673277, 'y': 0.7622011915371558, 'order': 22}, {'x': 0.6420501430728205, 'y': 0.9016103007400247, 'order': 23}, {'x': 0.5619778388481727, 'y': 0.9500000000000001, 'order': 24}, {'x': 0.4156593102241688, 'y': 0.95, 'order': 25}, {'x': 0.36475171160890163, 'y': 0.8803068936056998, 'order': 26}, {'x': 0.40552965700219334, 'y': 0.740064882058524, 'order': 27}, {'x': 0.42630568477132863, 'y': 0.5952288765597891, 'order': 28}, {'x': 0.31021692242997234, 'y': 0.5872576520676898, 'order': 29}, {'x': 0.16808297702398245, 'y': 0.6197982570323877, 'order': 30}]",8f8f66ce-9d78-4195-87e0-236722b19e24,/Users/log/Github/sketchvlm/datasets/connect_dots_dataset/outlines_gt/Maltese-Cross-Silhouette.png,outlines,outlines_gt,,,,,,
hedgehog,30,1.0,1.0,"[{'x': 0.06173586522237534, 'y': 0.43697591588883833, 'order': 1}, {'x': 0.1510111393467971, 'y': 0.44053513117580406, 'order': 2}, {'x': 0.1999547464681714, 'y': 0.5261032399258079, 'order': 3}, {'x': 0.21611917444389497, 'y': 0.6086291432191799, 'order': 4}, {'x': 0.2560369062850669, 'y': 0.6631282073426287, 'order': 5}, {'x': 0.31349256539553777, 'y': 0.7130022585699901, 'order': 6}, {'x': 0.38225307029606365, 'y': 0.7444010079625195, 'order': 7}, {'x': 0.44887536422696506, 'y': 0.7591991401952111, 'order': 8}, {'x': 0.5211498131850556, 'y': 0.762746908740535, 'order': 9}, {'x': 0.6049626670957219, 'y': 0.7731320849064627, 'order': 10}, {'x': 0.6850976354803912, 'y': 0.7663203670542781, 'order': 11}, {'x': 0.7575278431621644, 'y': 0.7392763578402728, 'order': 12}, {'x': 0.8194297086778349, 'y': 0.7019968894761, 'order': 13}, {'x': 0.877718762296622, 'y': 0.6445030986269805, 'order': 14}, {'x': 0.9159087018127028, 'y': 0.579917251177096, 'order': 15}, {'x': 0.928359491649122, 'y': 0.5160290367652447, 'order': 16}, {'x': 0.926231285163843, 'y': 0.4420440853503792, 'order': 17}, {'x': 0.8954781445381066, 'y': 0.3743203888918969, 'order': 18}, {'x': 0.8919130185915786, 'y': 0.3248224120695286, 'order': 19}, {'x': 0.9193909654377859, 'y': 0.3019164442695866, 'order': 20}, {'x': 0.824860030186652, 'y': 0.26712911560669195, 'order': 21}, {'x': 0.7480896703541783, 'y': 0.2186233574970846, 'order': 22}, {'x': 0.6471452684550608, 'y': 0.21600994299256987, 'order': 23}, {'x': 0.6016765147295734, 'y': 0.2540017440907894, 'order': 24}, {'x': 0.500698288313462, 'y': 0.2540017440907896, 'order': 25}, {'x': 0.4172903518728527, 'y': 0.2194029410912441, 'order': 26}, {'x': 0.31652672426836587, 'y': 0.21864052600307227, 'order': 27}, {'x': 0.26807279651043486, 'y': 0.2608669327774728, 'order': 28}, {'x': 0.17403214937600808, 'y': 0.2952975459847381, 'order': 29}, {'x': 0.09816696894435116, 'y': 0.3594634835060851, 'order': 30}]",639bb742-7ad5-4767-be53-1706d926992b,/Users/log/Github/sketchvlm/datasets/connect_dots_dataset/outlines_gt/hedgehog.png,outlines,outlines_gt,,,,,,
woman-shoe-silhouette-2,30,1.0,1.0,"[{'x': 0.1724188529018098, 'y': 0.5118571156290709, 'order': 1}, {'x': 0.2223542844119621, 'y': 0.42258596775068197, 'order': 2}, {'x': 0.25271914176689647, 'y': 0.32517850413726607, 'order': 3}, {'x': 0.2674184625744107, 'y': 0.22396059200479612, 'order': 4}, {'x': 0.26763602822710564, 'y': 0.1216726610356915, 'order': 5}, {'x': 0.3047327509333246, 'y': 0.1886713719481041, 'order': 6}, {'x': 0.30325989793627883, 'y': 0.29094901304174386, 'order': 7}, {'x': 0.3458540391501553, 'y': 0.31486785599798867, 'order': 8}, {'x': 0.37954145116865495, 'y': 0.2188057811161426, 'order': 9}, {'x': 0.4039639365681847, 'y': 0.11947588948960322, 'order': 10}, {'x': 0.48089654418462635, 'y': 0.06123654063005969, 'order': 11}, {'x': 0.5821799909879124, 'y': 0.05262426460267576, 'order': 12}, {'x': 0.6829331856424868, 'y': 0.06894364132475217, 'order': 13}, {'x': 0.7828159400797061, 'y': 0.09099631757196651, 'order': 14}, {'x': 0.8276066955827674, 'y': 0.1666930793701321, 'order': 15}, {'x': 0.7805786394328814, 'y': 0.24571802222619704, 'order': 16}, {'x': 0.6910911683712885, 'y': 0.2947368913166529, 'order': 17}, {'x': 0.6169918213819028, 'y': 0.36462634880871453, 'order': 18}, {'x': 0.5860617117411293, 'y': 0.4615148871143537, 'order': 19}, {'x': 0.5701308317496856, 'y': 0.5616797927525475, 'order': 20}, {'x': 0.554293569488826, 'y': 0.6620567369127762, 'order': 21}, {'x': 0.5383873482486333, 'y': 0.7592603389952658, 'order': 22}, {'x': 0.5250876308879523, 'y': 0.8578755314083442, 'order': 23}, {'x': 0.45687364592371416, 'y': 0.8987140462777031, 'order': 24}, {'x': 0.3546203116773593, 'y': 0.8960418189046027, 'order': 25}, {'x': 0.25753229075045797, 'y': 0.9036370576869958, 'order': 26}, {'x': 0.2232192605940472, 'y': 0.9122834451287843, 'order': 27}, {'x': 0.2213084513911177, 'y': 0.8100130487678616, 'order': 28}, {'x': 0.21334131354214278, 'y': 0.7083685142908422, 'order': 29}, {'x': 0.18185508289004665, 'y': 0.611404383627905, 'order': 30}]",b7e97b71-cea6-4f21-8de4-9607ae14eb4e,/Users/log/Github/sketchvlm/datasets/connect_dots_dataset/outlines_gt/woman-shoe-silhouette-2.png,outlines,outlines_gt,,,,,,
camera-silhouette,30,1.0,1.0,"[{'x': 0.05010231739132083, 'y': 0.43601657355939494, 'order': 1}, {'x': 0.05277646564745374, 'y': 0.2842128873192521, 'order': 2}, {'x': 0.09720018651075865, 'y': 0.16112006400430967, 'order': 3}, {'x': 0.2490308768445438, 'y': 0.16051825999525265, 'order': 4}, {'x': 0.40086156717832894, 'y': 0.15991645598619567, 'order': 5}, {'x': 0.5526922575121143, 'y': 0.15931465197713868, 'order': 6}, {'x': 0.7045229478458994, 'y': 0.1587128479680817, 'order': 7}, {'x': 0.8563536381796846, 'y': 0.1581110439590247, 'order': 8}, {'x': 0.9411583159025889, 'y': 0.24813342849115305, 'order': 9}, {'x': 0.9489469001197945, 'y': 0.399641962617334, 'order': 10}, {'x': 0.9401910609966674, 'y': 0.5512211695572997, 'order': 11}, {'x': 0.8922928246902126, 'y': 0.6898849302653906, 'order': 12}, {'x': 0.7623612545778056, 'y': 0.7653900339755955, 'order': 13}, {'x': 0.6401853744615166, 'y': 0.8392126480169544, 'order': 14}, {'x': 0.5925241267788522, 'y': 0.7726579367986233, 'order': 15}, {'x': 0.6571913069667453, 'y': 0.6392315493420637, 'order': 16}, {'x': 0.7800872973524658, 'y': 0.5549792874382439, 'order': 17}, {'x': 0.8178432379230417, 'y': 0.41178493932788196, 'order': 18}, {'x': 0.7563546935589408, 'y': 0.27775730157473605, 'order': 19}, {'x': 0.6247642543909185, 'y': 0.2100763225805419, 'order': 20}, {'x': 0.47962079125938517, 'y': 0.24401022895252547, 'order': 21}, {'x': 0.39249340374261155, 'y': 0.3646611848258182, 'order': 22}, {'x': 0.3970683965336359, 'y': 0.5129359668800917, 'order': 23}, {'x': 0.49910904246655613, 'y': 0.6203668039338235, 'order': 24}, {'x': 0.592146515166753, 'y': 0.6933510575227216, 'order': 25}, {'x': 0.5639299460692824, 'y': 0.8425380070983035, 'order': 26}, {'x': 0.44170344098025216, 'y': 0.7666054294790051, 'order': 27}, {'x': 0.2985561225196266, 'y': 0.7281425840856693, 'order': 28}, {'x': 0.15201409002851698, 'y': 0.6917671967321568, 'order': 29}, {'x': 0.05735606917672059, 'y': 0.5876750839712243, 'order': 30}]",d8d9e8fb-23ed-4100-9994-96ce814cc080,/Users/log/Github/sketchvlm/datasets/connect_dots_dataset/outlines_gt/camera-silhouette.png,outlines,outlines_gt,,,,,,
Brain-Silhouette-2,30,1.0,1.0,"[{'x': 0.05266287681187698, 'y': 0.6109770072084872, 'order': 1}, {'x': 0.07740230700301293, 'y': 0.5274861327190725, 'order': 2}, {'x': 0.13310776614863834, 'y': 0.46021635965014684, 'order': 3}, {'x': 0.212066476430333, 'y': 0.4230892208155354, 'order': 4}, {'x': 0.25846332572643005, 'y': 0.35195122960606023, 'order': 5}, {'x': 0.3368814996974037, 'y': 0.3104863058488764, 'order': 6}, {'x': 0.425816826954113, 'y': 0.3091145255693753, 'order': 7}, {'x': 0.49602548282851827, 'y': 0.2715142595345628, 'order': 8}, {'x': 0.5418547519401395, 'y': 0.19448830032217607, 'order': 9}, {'x': 0.5927403930520472, 'y': 0.12236480836276584, 'order': 10}, {'x': 0.6138845044156169, 'y': 0.17518806043282314, 'order': 11}, {'x': 0.6830121679814737, 'y': 0.18415991266664755, 'order': 12}, {'x': 0.7703420416207325, 'y': 0.20142150797823144, 'order': 13}, {'x': 0.8286888072601536, 'y': 0.26648409756828983, 'order': 14}, {'x': 0.8857184804071347, 'y': 0.30968385478584626, 'order': 15}, {'x': 0.9383602420141308, 'y': 0.37891910948449015, 'order': 16}, {'x': 0.9493665862785158, 'y': 0.467220014260587, 'order': 17}, {'x': 0.9360001678634271, 'y': 0.5560380146031816, 'order': 18}, {'x': 0.8925494133032912, 'y': 0.634014347947223, 'order': 19}, {'x': 0.8512948021044776, 'y': 0.7101484450850359, 'order': 20}, {'x': 0.7905353670514917, 'y': 0.7753595994069205, 'order': 21}, {'x': 0.7197485005141074, 'y': 0.8269819184641808, 'order': 22}, {'x': 0.6356940592102899, 'y': 0.8588125488127718, 'order': 23}, {'x': 0.5477663471911476, 'y': 0.8764618210912405, 'order': 24}, {'x': 0.4585151513811637, 'y': 0.8817111729810733, 'order': 25}, {'x': 0.3692384767809329, 'y': 0.8727329667193608, 'order': 26}, {'x': 0.28124403152645877, 'y': 0.8567811801375396, 'order': 27}, {'x': 0.20063691702323097, 'y': 0.8202884055730014, 'order': 28}, {'x': 0.1314523545599977, 'y': 0.7640134153460229, 'order': 29}, {'x': 0.07462919542025208, 'y': 0.6958823634043585, 'order': 30}]",37819621-5c7f-440d-baf8-4bfecee4fa63,/Users/log/Github/sketchvlm/datasets/connect_dots_dataset/outlines_gt/Brain-Silhouette-2.png,outlines,outlines_gt,,,,,,
AnimalSilhouettes2-Pig,30,1.0,1.0,"[{'x': 0.05926514201633183, 'y': 0.36435225982342767, 'order': 1}, {'x': 0.1060374272851456, 'y': 0.4482833127009383, 'order': 2}, {'x': 0.15273996862805267, 'y': 0.5318803245763546, 'order': 3}, {'x': 0.12746302632268658, 'y': 0.5971949910090469, 'order': 4}, {'x': 0.14162202152897488, 'y': 0.6152866502769277, 'order': 5}, {'x': 0.22087260839760983, 'y': 0.6705287310141382, 'order': 6}, {'x': 0.31946853818985343, 'y': 0.6868990502588966, 'order': 7}, {'x': 0.41899038461538485, 'y': 0.6949318870192304, 'order': 8}, {'x': 0.5189145393948579, 'y': 0.6928563111039298, 'order': 9}, {'x': 0.6177208967134243, 'y': 0.6839790530747992, 'order': 10}, {'x': 0.713053742248162, 'y': 0.6539658345532525, 'order': 11}, {'x': 0.8045108641002955, 'y': 0.6700992767376859, 'order': 12}, {'x': 0.840261278547879, 'y': 0.5867555327401328, 'order': 13}, {'x': 0.9322018829648449, 'y': 0.553405448173677, 'order': 14}, {'x': 0.9088251519948919, 'y': 0.48518289446656937, 'order': 15}, {'x': 0.8100569806694492, 'y': 0.4743172893935819, 'order': 16}, {'x': 0.7103603566801534, 'y': 0.4783707682803707, 'order': 17}, {'x': 0.7215848683532634, 'y': 0.4380610126862794, 'order': 18}, {'x': 0.8117768850235959, 'y': 0.3961353140783342, 'order': 19}, {'x': 0.7770299566804129, 'y': 0.353116438325933, 'order': 20}, {'x': 0.6837434286694547, 'y': 0.38489956323046726, 'order': 21}, {'x': 0.5877223654256103, 'y': 0.4113296413988304, 'order': 22}, {'x': 0.4915191845269314, 'y': 0.4357924781678457, 'order': 23}, {'x': 0.3924149101255358, 'y': 0.448198709056451, 'order': 24}, {'x': 0.2960874349136377, 'y': 0.4603276263274686, 'order': 25}, {'x': 0.23869600507625915, 'y': 0.39644224661430266, 'order': 26}, {'x': 0.24684548004407603, 'y': 0.3352203814770117, 'order': 27}, {'x': 0.19190750956220254, 'y': 0.4012880914653028, 'order': 28}, {'x': 0.11265613870982968, 'y': 0.4023479103404432, 'order': 29}, {'x': 0.10448656854653457, 'y': 0.3059134834799452, 'order': 30}]",523e2897-4881-444a-bb59-4ef0f5c3e4a4,/Users/log/Github/sketchvlm/datasets/connect_dots_dataset/outlines_gt/AnimalSilhouettes2-Pig.png,outlines,outlines_gt,,,,,,
Birds-Silhouettes-Owl,30,1.0,1.0,"[{'x': 0.1348866125789768, 'y': 0.16711964138247729, 'order': 1}, {'x': 0.23965861244732006, 'y': 0.18890395147735947, 'order': 2}, {'x': 0.18817403243663555, 'y': 0.2554956097676594, 'order': 3}, {'x': 0.235218923333037, 'y': 0.23599070413151657, 'order': 4}, {'x': 0.3462855225837085, 'y': 0.20600075497100664, 'order': 5}, {'x': 0.31262580258886863, 'y': 0.2662454745161023, 'order': 6}, {'x': 0.2653659047691379, 'y': 0.35859822854466233, 'order': 7}, {'x': 0.24165407676862033, 'y': 0.47818036742109654, 'order': 8}, {'x': 0.2072418258672609, 'y': 0.5766951961047716, 'order': 9}, {'x': 0.2115489415376092, 'y': 0.6983912180781611, 'order': 10}, {'x': 0.19693941888186844, 'y': 0.8131194635263156, 'order': 11}, {'x': 0.20828557740439257, 'y': 0.9300993093251564, 'order': 12}, {'x': 0.2880044939050151, 'y': 0.8638651765111348, 'order': 13}, {'x': 0.38168270428417156, 'y': 0.920439128530899, 'order': 14}, {'x': 0.4166959205328191, 'y': 0.8637013322620019, 'order': 15}, {'x': 0.46441340047512153, 'y': 0.755562492516127, 'order': 16}, {'x': 0.5130137822796855, 'y': 0.6470341884107322, 'order': 17}, {'x': 0.5602308309890791, 'y': 0.5351581736495761, 'order': 18}, {'x': 0.5792182790249756, 'y': 0.4151263626513201, 'order': 19}, {'x': 0.5920545625919204, 'y': 0.29389365852583293, 'order': 20}, {'x': 0.6617220700164489, 'y': 0.21369006802661097, 'order': 21}, {'x': 0.7814992289224525, 'y': 0.2067421334206211, 'order': 22}, {'x': 0.8382699545582005, 'y': 0.1747570013106881, 'order': 23}, {'x': 0.71754992151558, 'y': 0.18377915146258567, 'order': 24}, {'x': 0.6025333368880206, 'y': 0.20781828910234876, 'order': 25}, {'x': 0.5720361451942956, 'y': 0.10597684191107257, 'order': 26}, {'x': 0.5019243637796647, 'y': 0.07924057929284696, 'order': 27}, {'x': 0.4433698336688052, 'y': 0.12402690318683582, 'order': 28}, {'x': 0.36012262973941767, 'y': 0.16771953735219847, 'order': 29}, {'x': 0.24829442652916162, 'y': 0.1644506142639521, 'order': 30}]",96e528a4-f536-41fe-9f72-9f41e6b8d26b,/Users/log/Github/sketchvlm/datasets/connect_dots_dataset/outlines_gt/Birds-Silhouettes-Owl.png,outlines,outlines_gt,,,,,,
Man-Head-Silhouette,30,1.0,1.0,"[{'x': 0.10094710257461956, 'y': 0.5087830176035162, 'order': 1}, {'x': 0.1519139440423385, 'y': 0.4462530153095888, 'order': 2}, {'x': 0.15781948090672662, 'y': 0.36260909175539036, 'order': 3}, {'x': 0.16416161403174395, 'y': 0.2764917728690995, 'order': 4}, {'x': 0.17348064862746163, 'y': 0.18542618683771708, 'order': 5}, {'x': 0.26663148243881757, 'y': 0.16338764507303752, 'order': 6}, {'x': 0.35489464403941645, 'y': 0.1452618631048281, 'order': 7}, {'x': 0.3804032527791162, 'y': 0.0500000000000003, 'order': 8}, {'x': 0.4796456083789245, 'y': 0.0500000000000003, 'order': 9}, {'x': 0.5788879639787329, 'y': 0.0500000000000003, 'order': 10}, {'x': 0.6781303195785412, 'y': 0.0500000000000003, 'order': 11}, {'x': 0.7773726751783495, 'y': 0.0500000000000003, 'order': 12}, {'x': 0.8105800558012564, 'y': 0.10567286454527777, 'order': 13}, {'x': 0.7939901145359617, 'y': 0.2035085710655598, 'order': 14}, {'x': 0.7879031636928431, 'y': 0.3025640816363113, 'order': 15}, {'x': 0.8289871912603762, 'y': 0.3917094937218653, 'order': 16}, {'x': 0.877181821119284, 'y': 0.4779360234414672, 'order': 17}, {'x': 0.9019461250833968, 'y': 0.5736601065643112, 'order': 18}, {'x': 0.9044090514652249, 'y': 0.6724244838213324, 'order': 19}, {'x': 0.8765504050815122, 'y': 0.7674172189981054, 'order': 20}, {'x': 0.817479619356171, 'y': 0.8462396582501732, 'order': 21}, {'x': 0.7366145073241056, 'y': 0.9025158380949178, 'order': 22}, {'x': 0.6432506717154711, 'y': 0.9339783622520254, 'order': 23}, {'x': 0.5454799303001984, 'y': 0.9473215034524235, 'order': 24}, {'x': 0.4470756203383561, 'y': 0.9399253635948981, 'order': 25}, {'x': 0.3542919211126251, 'y': 0.9072524674893043, 'order': 26}, {'x': 0.27360238906634626, 'y': 0.8508586445736513, 'order': 27}, {'x': 0.2211125637514461, 'y': 0.7678296583881905, 'order': 28}, {'x': 0.20174243059927136, 'y': 0.6727298212633681, 'order': 29}, {'x': 0.1591610246530423, 'y': 0.5891582900524859, 'order': 30}]",3d1d7acc-66c8-4206-a01f-0342a650db6b,/Users/log/Github/sketchvlm/datasets/connect_dots_dataset/outlines_gt/Man-Head-Silhouette.png,outlines,outlines_gt,,,,,,
liftarn-Su-27-silhouette,30,1.0,1.0,"[{'x': 0.06138997057517636, 'y': 0.6471311180687415, 'order': 1}, {'x': 0.17609790683096505, 'y': 0.6464280576498135, 'order': 2}, {'x': 0.2904544262240718, 'y': 0.6346061719161126, 'order': 3}, {'x': 0.3626703279027557, 'y': 0.6241147544750566, 'order': 4}, {'x': 0.4776239340938954, 'y': 0.6257996680215001, 'order': 5}, {'x': 0.5826287438004766, 'y': 0.6632956260764462, 'order': 6}, {'x': 0.68197851037222, 'y': 0.7211471117284735, 'order': 7}, {'x': 0.7639366035700873, 'y': 0.7769528287316178, 'order': 8}, {'x': 0.7725636715707138, 'y': 0.7784624602525384, 'order': 9}, {'x': 0.8335910266506057, 'y': 0.731795973405546, 'order': 10}, {'x': 0.7711424616852045, 'y': 0.6352695664291714, 'order': 11}, {'x': 0.8189113194575875, 'y': 0.5923294499028097, 'order': 12}, {'x': 0.9173464466588916, 'y': 0.6270524614449506, 'order': 13}, {'x': 0.904190111193707, 'y': 0.5299577365574502, 'order': 14}, {'x': 0.8867302664238137, 'y': 0.475741876864154, 'order': 15}, {'x': 0.9493407310728892, 'y': 0.4255570652671362, 'order': 16}, {'x': 0.8381950020395157, 'y': 0.4309026720106456, 'order': 17}, {'x': 0.8389966177294838, 'y': 0.38071568534520317, 'order': 18}, {'x': 0.8281518593423146, 'y': 0.31230842669478887, 'order': 19}, {'x': 0.7583063139468202, 'y': 0.2986895021081331, 'order': 20}, {'x': 0.6915949161174876, 'y': 0.38943532899708205, 'order': 21}, {'x': 0.6656463263527107, 'y': 0.3104518356817916, 'order': 22}, {'x': 0.6465619477176494, 'y': 0.20993204824426628, 'order': 23}, {'x': 0.5347642762022067, 'y': 0.2359863461350583, 'order': 24}, {'x': 0.5624212191390109, 'y': 0.26607674418968463, 'order': 25}, {'x': 0.5130424682308506, 'y': 0.3698982711903821, 'order': 26}, {'x': 0.4624752343554913, 'y': 0.4726042677294245, 'order': 27}, {'x': 0.3611907248545711, 'y': 0.5267530947021537, 'order': 28}, {'x': 0.2539149784388456, 'y': 0.5680941728322126, 'order': 29}, {'x': 0.14663923202312043, 'y': 0.6094352509622715, 'order': 30}]",8e497ddc-a3e4-480c-84eb-3160cfdc34b8,/Users/log/Github/sketchvlm/datasets/connect_dots_dataset/outlines_gt/liftarn-Su-27-silhouette.png,outlines,outlines_gt,,,,,,
maple_leaf_clipart,30,1.0,1.0,"[{'x': 0.06600932949879994, 'y': 0.5048664628000833, 'order': 1}, {'x': 0.2151237832348709, 'y': 0.5561364424883005, 'order': 2}, {'x': 0.17062702427455012, 'y': 0.6601737479819998, 'order': 3}, {'x': 0.25028496971979486, 'y': 0.6601568291805653, 'order': 4}, {'x': 0.40158856644064483, 'y': 0.6180521940439861, 'order': 5}, {'x': 0.46300984002110657, 'y': 0.7031049989311612, 'order': 6}, {'x': 0.4435891263386335, 'y': 0.8595868413612028, 'order': 7}, {'x': 0.49894098181955127, 'y': 0.9494032438677792, 'order': 8}, {'x': 0.5565611119003426, 'y': 0.860352238437235, 'order': 9}, {'x': 0.5371885923101761, 'y': 0.7038644222502692, 'order': 10}, {'x': 0.5972436526158209, 'y': 0.6171882793089888, 'order': 11}, {'x': 0.7485184052159657, 'y': 0.6593723667527193, 'order': 12}, {'x': 0.8296591266100303, 'y': 0.6605124207976469, 'order': 13}, {'x': 0.7837703463417774, 'y': 0.5562539444603258, 'order': 14}, {'x': 0.9327141769032594, 'y': 0.5044903813303628, 'order': 15}, {'x': 0.8123539450710671, 'y': 0.4528723285824742, 'order': 16}, {'x': 0.8105592597168719, 'y': 0.36130512639681545, 'order': 17}, {'x': 0.7772869564313228, 'y': 0.3306360056281979, 'order': 18}, {'x': 0.6266137689597325, 'y': 0.3771260229156548, 'order': 19}, {'x': 0.6642975546323023, 'y': 0.23525251954811185, 'order': 20}, {'x': 0.6508771054315071, 'y': 0.17572321664704083, 'order': 21}, {'x': 0.551983547933972, 'y': 0.19989479651549857, 'order': 22}, {'x': 0.4994206021186566, 'y': 0.051231190150478834, 'order': 23}, {'x': 0.4478558525250641, 'y': 0.2002439672187126, 'order': 24}, {'x': 0.349793168630003, 'y': 0.1772929639931268, 'order': 25}, {'x': 0.3353436515404558, 'y': 0.23524551487919837, 'order': 26}, {'x': 0.3726471248023845, 'y': 0.37699725272886786, 'order': 27}, {'x': 0.22190139484582305, 'y': 0.330742998545058, 'order': 28}, {'x': 0.18926668592620544, 'y': 0.36137728007203035, 'order': 29}, {'x': 0.18879965513909208, 'y': 0.45289552022132423, 'order': 30}]",764f4282-6330-4952-ab08-a5c6bb7afed0,/Users/log/Github/sketchvlm/datasets/connect_dots_dataset/outlines_gt/maple_leaf_clipart.png,outlines,outlines_gt,,,,,,
cartoon-elephant-silhouette,30,1.0,1.0,"[{'x': 0.057480702332228, 'y': 0.5510725704680253, 'order': 1}, {'x': 0.1146362183233474, 'y': 0.6602255118563469, 'order': 2}, {'x': 0.21357684592358486, 'y': 0.7344602772361571, 'order': 3}, {'x': 0.33149263909928967, 'y': 0.7730087961854759, 'order': 4}, {'x': 0.4556405838200479, 'y': 0.782512343114904, 'order': 5}, {'x': 0.5715289294768456, 'y': 0.8171308048809248, 'order': 6}, {'x': 0.6923990501201569, 'y': 0.8421676692350829, 'order': 7}, {'x': 0.8128014696144729, 'y': 0.812282896073715, 'order': 8}, {'x': 0.901925043523164, 'y': 0.726665612352063, 'order': 9}, {'x': 0.9456148559822757, 'y': 0.6107877965569898, 'order': 10}, {'x': 0.9340071094257429, 'y': 0.48826500174969073, 'order': 11}, {'x': 0.8767770972608954, 'y': 0.37833240901409937, 'order': 12}, {'x': 0.846941377698829, 'y': 0.2825759887044467, 'order': 13}, {'x': 0.9137827601757268, 'y': 0.2297874734248444, 'order': 14}, {'x': 0.7967862069879235, 'y': 0.24419498066020995, 'order': 15}, {'x': 0.7781058739809267, 'y': 0.3524067401445785, 'order': 16}, {'x': 0.7880856666501064, 'y': 0.45026961011814814, 'order': 17}, {'x': 0.6834163409780569, 'y': 0.38493564424684856, 'order': 18}, {'x': 0.6696694909598389, 'y': 0.2814206793966969, 'order': 19}, {'x': 0.6802860202941231, 'y': 0.169324116575336, 'order': 20}, {'x': 0.5597368457256661, 'y': 0.16567070739221967, 'order': 21}, {'x': 0.5448931287452714, 'y': 0.2730047602709626, 'order': 22}, {'x': 0.4664226716902902, 'y': 0.3299755691593895, 'order': 23}, {'x': 0.3451380248648525, 'y': 0.31424387974100637, 'order': 24}, {'x': 0.3711613152793427, 'y': 0.21143740322961496, 'order': 25}, {'x': 0.2800858843043211, 'y': 0.16416343789768034, 'order': 26}, {'x': 0.17532646644453215, 'y': 0.2097149458874087, 'order': 27}, {'x': 0.19326586622824082, 'y': 0.3329217074032471, 'order': 28}, {'x': 0.15441036203592143, 'y': 0.44990613780617444, 'order': 29}, {'x': 0.09339915815078037, 'y': 0.5271029481404156, 'order': 30}]",95bb477c-6e0b-4aa2-9f02-bddcc12f3839,/Users/log/Github/sketchvlm/datasets/connect_dots_dataset/outlines_gt/cartoon-elephant-silhouette.png,outlines,outlines_gt,,,,,,
sample,30,1.0,1.0,"[{'x': 0.051795770234715134, 'y': 0.40354528526845407, 'order': 1}, {'x': 0.11553390134611695, 'y': 0.3464406854174074, 'order': 2}, {'x': 0.20809845915910657, 'y': 0.32469304706131846, 'order': 3}, {'x': 0.3025774529252844, 'y': 0.31242936256121445, 'order': 4}, {'x': 0.3977207757222284, 'y': 0.3052759727699826, 'order': 5}, {'x': 0.4920562885146369, 'y': 0.31247922341965817, 'order': 6}, {'x': 0.5839355578466219, 'y': 0.33578601440412226, 'order': 7}, {'x': 0.6693319470563682, 'y': 0.3783404450581247, 'order': 8}, {'x': 0.7568461834316351, 'y': 0.40252263707355607, 'order': 9}, {'x': 0.849877688323917, 'y': 0.3834217591511937, 'order': 10}, {'x': 0.941506512292277, 'y': 0.4030655037610838, 'order': 11}, {'x': 0.8709456367935805, 'y': 0.42704242901063555, 'order': 12}, {'x': 0.7935030742159002, 'y': 0.48220058634810853, 'order': 13}, {'x': 0.7396420391543744, 'y': 0.5380791703315627, 'order': 14}, {'x': 0.6877073429031515, 'y': 0.6169552731874756, 'order': 15}, {'x': 0.6713590199103637, 'y': 0.659868052844719, 'order': 16}, {'x': 0.6464806979910924, 'y': 0.5717761187237201, 'order': 17}, {'x': 0.6514687359599675, 'y': 0.47763132230839694, 'order': 18}, {'x': 0.5770465566837187, 'y': 0.49998343642196963, 'order': 19}, {'x': 0.4996239719415503, 'y': 0.5557433344687785, 'order': 20}, {'x': 0.4180618223596434, 'y': 0.6051639870735058, 'order': 21}, {'x': 0.3346479016407042, 'y': 0.6513843775268943, 'order': 22}, {'x': 0.24658491188965526, 'y': 0.6869040793363695, 'order': 23}, {'x': 0.16081662690129006, 'y': 0.6731818017808052, 'order': 24}, {'x': 0.11664109601791733, 'y': 0.589770136133014, 'order': 25}, {'x': 0.08276697254013836, 'y': 0.5005739107814836, 'order': 26}, {'x': 0.07799755244400056, 'y': 0.4231592629187218, 'order': 27}, {'x': 0.16547693490433368, 'y': 0.38539679276823857, 'order': 28}, {'x': 0.2365977216923571, 'y': 0.35988951818004, 'order': 29}, {'x': 0.1420418323467309, 'y': 0.3726412493725715, 'order': 30}]",b5cc1d6b-0c09-475e-a3e6-09325c379a2a,/Users/log/Github/sketchvlm/datasets/connect_dots_dataset/outlines_gt/sample.png,outlines,outlines_gt,,,,,,
bunny,30,1.0,1.0,"[{'x': 0.07392731164218327, 'y': 0.1540746135981579, 'order': 1}, {'x': 0.16199764137208078, 'y': 0.0879650395821226, 'order': 2}, {'x': 0.27350079192404736, 'y': 0.06677953917704071, 'order': 3}, {'x': 0.38634991086220716, 'y': 0.05546579453640739, 'order': 4}, {'x': 0.49702595057160254, 'y': 0.06157309544349582, 'order': 5}, {'x': 0.5359862589243582, 'y': 0.13128806016757108, 'order': 6}, {'x': 0.6372992233308477, 'y': 0.10654716384634098, 'order': 7}, {'x': 0.740977173081453, 'y': 0.07310555599875837, 'order': 8}, {'x': 0.7743806439164388, 'y': 0.12440144194722814, 'order': 9}, {'x': 0.7389122584210626, 'y': 0.2058358385753822, 'order': 10}, {'x': 0.8004065074496677, 'y': 0.28769890839371454, 'order': 11}, {'x': 0.8054471365667256, 'y': 0.39794008475123466, 'order': 12}, {'x': 0.8790611992420878, 'y': 0.45594812996957, 'order': 13}, {'x': 0.9313632007526759, 'y': 0.5427926326463949, 'order': 14}, {'x': 0.868550472314216, 'y': 0.6377933885495499, 'order': 15}, {'x': 0.7802869085395534, 'y': 0.6994835796910902, 'order': 16}, {'x': 0.7492220884802786, 'y': 0.7998727285808164, 'order': 17}, {'x': 0.705252337701063, 'y': 0.9048346895057088, 'order': 18}, {'x': 0.6425813040387879, 'y': 0.8792509172091538, 'order': 19}, {'x': 0.5601269504554937, 'y': 0.9499993319166252, 'order': 20}, {'x': 0.5311927492304109, 'y': 0.8538477721214652, 'order': 21}, {'x': 0.5618330289442338, 'y': 0.7473932921139986, 'order': 22}, {'x': 0.5973764500701297, 'y': 0.6444505748960496, 'order': 23}, {'x': 0.5511310521171862, 'y': 0.5531907796146611, 'order': 24}, {'x': 0.44784507865005885, 'y': 0.5643695889751059, 'order': 25}, {'x': 0.33525711497383526, 'y': 0.5571710477034857, 'order': 26}, {'x': 0.23674496112182766, 'y': 0.5059015516587008, 'order': 27}, {'x': 0.1551677253735018, 'y': 0.42686406790817477, 'order': 28}, {'x': 0.1324368944111193, 'y': 0.3170588307568267, 'order': 29}, {'x': 0.09188292795369037, 'y': 0.251788015683025, 'order': 30}]",a539f54d-f037-4b0d-8d1e-2580c3cdf23f,/Users/log/Github/sketchvlm/datasets/connect_dots_dataset/outlines_gt/bunny.png,outlines,outlines_gt,,,,,,
Cat-Silhouette-2,30,1.0,1.0,"[{'x': 0.07041224760130274, 'y': 0.776595387352201, 'order': 1}, {'x': 0.10707307498614357, 'y': 0.6696604676159936, 'order': 2}, {'x': 0.14262270761566093, 'y': 0.5622628219339589, 'order': 3}, {'x': 0.18831887140720918, 'y': 0.4557214642670709, 'order': 4}, {'x': 0.20841989555173238, 'y': 0.34428862891768897, 'order': 5}, {'x': 0.19526455524724104, 'y': 0.23086508093935648, 'order': 6}, {'x': 0.22210504089077898, 'y': 0.14746026389824976, 'order': 7}, {'x': 0.3177323034921178, 'y': 0.19057630661501931, 'order': 8}, {'x': 0.39821211790557487, 'y': 0.144051173144166, 'order': 9}, {'x': 0.5127574688195619, 'y': 0.15842011865121822, 'order': 10}, {'x': 0.623723168328048, 'y': 0.1772296244376817, 'order': 11}, {'x': 0.7387073286136405, 'y': 0.18886371407797398, 'order': 12}, {'x': 0.8448237293101599, 'y': 0.1551707163121777, 'order': 13}, {'x': 0.7561452238823593, 'y': 0.10487903040298432, 'order': 14}, {'x': 0.7636914372235025, 'y': 0.051659336277642465, 'order': 15}, {'x': 0.8739552239814427, 'y': 0.08442818798847349, 'order': 16}, {'x': 0.9213481089098646, 'y': 0.1723333715162226, 'order': 17}, {'x': 0.8264298950883949, 'y': 0.2363587611333609, 'order': 18}, {'x': 0.713051056956413, 'y': 0.2610923096787955, 'order': 19}, {'x': 0.5970667272148352, 'y': 0.25420964402633495, 'order': 20}, {'x': 0.616380513575598, 'y': 0.3686821616439606, 'order': 21}, {'x': 0.6107827927202585, 'y': 0.4843172087281473, 'order': 22}, {'x': 0.5636453560711356, 'y': 0.5892300604902946, 'order': 23}, {'x': 0.4723463940823787, 'y': 0.6585526973279657, 'order': 24}, {'x': 0.37695757278057634, 'y': 0.721856020161752, 'order': 25}, {'x': 0.3108841969225095, 'y': 0.8151079627369576, 'order': 26}, {'x': 0.31307619627961014, 'y': 0.9303470623278564, 'order': 27}, {'x': 0.2391641558182921, 'y': 0.8873424869339311, 'order': 28}, {'x': 0.13310206951657033, 'y': 0.9122968135628267, 'order': 29}, {'x': 0.076291428613789, 'y': 0.8885436043207061, 'order': 30}]",26760370-93ac-4420-bfe6-c8ee933172e3,/Users/log/Github/sketchvlm/datasets/connect_dots_dataset/outlines_gt/Cat-Silhouette-2.png,outlines,outlines_gt,,,,,,
Dog-Head-Silhouette,30,1.0,1.0,"[{'x': 0.054461280220601815, 'y': 0.3826843435723801, 'order': 1}, {'x': 0.09599877070861693, 'y': 0.2987721103019193, 'order': 2}, {'x': 0.1839229891169525, 'y': 0.27180115383851705, 'order': 3}, {'x': 0.2771279315136111, 'y': 0.2745413705387323, 'order': 4}, {'x': 0.36860457608250363, 'y': 0.2729351378389058, 'order': 5}, {'x': 0.45064621416860423, 'y': 0.22661324234476904, 'order': 6}, {'x': 0.5369240079580917, 'y': 0.18802179601178245, 'order': 7}, {'x': 0.6163054064420115, 'y': 0.13905680086047778, 'order': 8}, {'x': 0.7094059658838998, 'y': 0.1524238220091783, 'order': 9}, {'x': 0.7932945445392086, 'y': 0.1942641419666958, 'order': 10}, {'x': 0.8642091964700879, 'y': 0.25484828322154945, 'order': 11}, {'x': 0.9162961080675625, 'y': 0.33262737629954303, 'order': 12}, {'x': 0.9462062213449914, 'y': 0.4222956761529265, 'order': 13}, {'x': 0.9434952866748181, 'y': 0.5161636246762176, 'order': 14}, {'x': 0.8806664461984208, 'y': 0.5821431476503252, 'order': 15}, {'x': 0.7945756075592707, 'y': 0.6211287443738951, 'order': 16}, {'x': 0.7031445392100618, 'y': 0.6427283500712252, 'order': 17}, {'x': 0.6157156044100278, 'y': 0.6779578926116098, 'order': 18}, {'x': 0.5499648022450899, 'y': 0.7446878051962353, 'order': 19}, {'x': 0.488185858784005, 'y': 0.8162739098315539, 'order': 20}, {'x': 0.42635114490015213, 'y': 0.8401788540706485, 'order': 21}, {'x': 0.4219734166945791, 'y': 0.7457691377690412, 'order': 22}, {'x': 0.3696636772674267, 'y': 0.7560727144316504, 'order': 23}, {'x': 0.29571413974339894, 'y': 0.8149183374400684, 'order': 24}, {'x': 0.2514042382823452, 'y': 0.8221742505852753, 'order': 25}, {'x': 0.28533921716459043, 'y': 0.7339153958437352, 'order': 26}, {'x': 0.27170290223942284, 'y': 0.6555897425566086, 'order': 27}, {'x': 0.21407461034833936, 'y': 0.5811458262002464, 'order': 28}, {'x': 0.1938329747985698, 'y': 0.49616150162224737, 'order': 29}, {'x': 0.11492019628158273, 'y': 0.4440656129288429, 'order': 30}]",ddcf9b59-3c6e-404e-a398-4d0c34e4c962,/Users/log/Github/sketchvlm/datasets/connect_dots_dataset/outlines_gt/Dog-Head-Silhouette.png,outlines,outlines_gt,,,,,,
hand-20,30,1.0,1.0,"[{'x': 0.302057032574205, 'y': 0.6118219495814831, 'order': 1}, {'x': 0.31828001461587035, 'y': 0.6663488785668743, 'order': 2}, {'x': 0.42287057895994407, 'y': 0.6338622289992526, 'order': 3}, {'x': 0.4362787017406017, 'y': 0.732544737539362, 'order': 4}, {'x': 0.4033431664797026, 'y': 0.8398183726142681, 'order': 5}, {'x': 0.42392109879181866, 'y': 0.9130093283511352, 'order': 6}, {'x': 0.47547364104313766, 'y': 0.8149022786940313, 'order': 7}, {'x': 0.49206648867796715, 'y': 0.8293221580052724, 'order': 8}, {'x': 0.4910920431499766, 'y': 0.9394293293703813, 'order': 9}, {'x': 0.5423764781975952, 'y': 0.8759535387316447, 'order': 10}, {'x': 0.5620749732278787, 'y': 0.7661309369223409, 'order': 11}, {'x': 0.5944258836351572, 'y': 0.85546324658634, 'order': 12}, {'x': 0.6438250863432609, 'y': 0.8856293150739005, 'order': 13}, {'x': 0.6329218096363327, 'y': 0.7739444869988295, 'order': 14}, {'x': 0.6667823981406472, 'y': 0.7735385117580547, 'order': 15}, {'x': 0.7325301296734568, 'y': 0.8162472321573727, 'order': 16}, {'x': 0.6895361527764833, 'y': 0.7145422411367126, 'order': 17}, {'x': 0.658336398901749, 'y': 0.6075284625914625, 'order': 18}, {'x': 0.6338041775336968, 'y': 0.4980270818702365, 'order': 19}, {'x': 0.645510681188806, 'y': 0.38710105964268554, 'order': 20}, {'x': 0.6613708904592759, 'y': 0.27601174410332796, 'order': 21}, {'x': 0.6897594578923381, 'y': 0.1675542654785237, 'order': 22}, {'x': 0.7092443992182051, 'y': 0.057091576141900344, 'order': 23}, {'x': 0.6054062651914552, 'y': 0.05, 'order': 24}, {'x': 0.49319048080660977, 'y': 0.05, 'order': 25}, {'x': 0.4676564154953485, 'y': 0.1355744567973501, 'order': 26}, {'x': 0.47356836823587717, 'y': 0.24763440093395864, 'order': 27}, {'x': 0.4794803209764059, 'y': 0.3596943450705672, 'order': 28}, {'x': 0.4730366754485549, 'y': 0.4714402417193365, 'order': 29}, {'x': 0.3969758268515863, 'y': 0.551965414783399, 'order': 30}]",f300b133-2fb2-4ba9-9f74-28aa6bd1340c,/Users/log/Github/sketchvlm/datasets/connect_dots_dataset/outlines_gt/hand-20.png,outlines,outlines_gt,,,,,,
Seahorse-Silhouette,30,1.0,1.0,"[{'x': 0.32030040196852316, 'y': 0.17468845101750013, 'order': 1}, {'x': 0.3728263408990041, 'y': 0.07624795559346849, 'order': 2}, {'x': 0.48362277230519346, 'y': 0.05481354079136839, 'order': 3}, {'x': 0.5780888969233202, 'y': 0.1162613215378582, 'order': 4}, {'x': 0.5992145839546604, 'y': 0.2287791839891315, 'order': 5}, {'x': 0.5542966548077171, 'y': 0.336333089268952, 'order': 6}, {'x': 0.5092263218729122, 'y': 0.44293870766557364, 'order': 7}, {'x': 0.5151515980149397, 'y': 0.5575330331075319, 'order': 8}, {'x': 0.570964208450076, 'y': 0.6599056140374152, 'order': 9}, {'x': 0.6431812097974513, 'y': 0.752110562543244, 'order': 10}, {'x': 0.6787470326661783, 'y': 0.8609045018741786, 'order': 11}, {'x': 0.6122957611451221, 'y': 0.9454586507905113, 'order': 12}, {'x': 0.5302734115943426, 'y': 0.9071520477835424, 'order': 13}, {'x': 0.6149734957651253, 'y': 0.8596341234165008, 'order': 14}, {'x': 0.5394472170982778, 'y': 0.7918151567016882, 'order': 15}, {'x': 0.492897622239444, 'y': 0.7284807978256544, 'order': 16}, {'x': 0.43657992705161475, 'y': 0.6673216743929509, 'order': 17}, {'x': 0.4333180832141666, 'y': 0.5863881845826044, 'order': 18}, {'x': 0.43730309496113395, 'y': 0.5189060233262356, 'order': 19}, {'x': 0.44039610175529337, 'y': 0.4543179568885051, 'order': 20}, {'x': 0.4785904757562737, 'y': 0.37817583303452024, 'order': 21}, {'x': 0.5321334334271162, 'y': 0.29842319162375436, 'order': 22}, {'x': 0.5679146196955439, 'y': 0.19308734070469452, 'order': 23}, {'x': 0.5094442106750601, 'y': 0.09832353836307463, 'order': 24}, {'x': 0.3975050176364008, 'y': 0.09366672934735992, 'order': 25}, {'x': 0.3491871912492736, 'y': 0.19019953066410494, 'order': 26}, {'x': 0.4355286958854242, 'y': 0.24051003652529296, 'order': 27}, {'x': 0.4204633053805451, 'y': 0.16859889771775663, 'order': 28}, {'x': 0.4758646560370159, 'y': 0.23288659812406254, 'order': 29}, {'x': 0.3785598862809212, 'y': 0.26638563909853513, 'order': 30}]",d7476517-af95-4032-919f-dee62b1adc33,/Users/log/Github/sketchvlm/datasets/connect_dots_dataset/outlines_gt/Seahorse-Silhouette.png,outlines,outlines_gt,,,,,,
bat,30,1.0,1.0,"[{'x': 0.07191361163368154, 'y': 0.3813220850170301, 'order': 1}, {'x': 0.11784174757806302, 'y': 0.45348745485803976, 'order': 2}, {'x': 0.191422632809998, 'y': 0.4942318422800171, 'order': 3}, {'x': 0.27536045783123636, 'y': 0.4873566024430316, 'order': 4}, {'x': 0.35620208826763045, 'y': 0.4585113787321362, 'order': 5}, {'x': 0.439458031229101, 'y': 0.4404595846799169, 'order': 6}, {'x': 0.4499824275917766, 'y': 0.47996735299334436, 'order': 7}, {'x': 0.5288931120287671, 'y': 0.5009783776501306, 'order': 8}, {'x': 0.5665432768696681, 'y': 0.4763123027475465, 'order': 9}, {'x': 0.6244387440817432, 'y': 0.5384078850570032, 'order': 10}, {'x': 0.6669875583274685, 'y': 0.612953270888917, 'order': 11}, {'x': 0.7174045280241438, 'y': 0.680504045133592, 'order': 12}, {'x': 0.7928485525969189, 'y': 0.7174060473735548, 'order': 13}, {'x': 0.8763819062131996, 'y': 0.7030163992668129, 'order': 14}, {'x': 0.9424488621155497, 'y': 0.6751077706778097, 'order': 15}, {'x': 0.8758213993169621, 'y': 0.6269376423143262, 'order': 16}, {'x': 0.8802986564138054, 'y': 0.5441386687268263, 'order': 17}, {'x': 0.7980065220740699, 'y': 0.5371806982618454, 'order': 18}, {'x': 0.7468741593337446, 'y': 0.47329785278647096, 'order': 19}, {'x': 0.714345984136804, 'y': 0.4318144563639739, 'order': 20}, {'x': 0.6506034752465192, 'y': 0.38496698709241217, 'order': 21}, {'x': 0.6156798169991222, 'y': 0.34903959964535214, 'order': 22}, {'x': 0.5579436231017477, 'y': 0.3018682710679506, 'order': 23}, {'x': 0.4882066550364204, 'y': 0.28283347918700297, 'order': 24}, {'x': 0.42481843805084435, 'y': 0.3218068498301533, 'order': 25}, {'x': 0.3566932584473275, 'y': 0.28593779625587373, 'order': 26}, {'x': 0.29474816466668863, 'y': 0.3380417051558228, 'order': 27}, {'x': 0.2149356196580437, 'y': 0.31607801196711194, 'order': 28}, {'x': 0.1681780535814744, 'y': 0.3323057012591135, 'order': 29}, {'x': 0.09043844859488867, 'y': 0.36006188660555893, 'order': 30}]",b059d149-8e7d-46b0-a945-138431ad97a8,/Users/log/Github/sketchvlm/datasets/connect_dots_dataset/outlines_gt/bat.png,outlines,outlines_gt,,,,,,
Birds-Silhouettes-Duck2,30,1.0,1.0,"[{'x': 0.0675163697269098, 'y': 0.39715357057066786, 'order': 1}, {'x': 0.08202478110975694, 'y': 0.4376946442365178, 'order': 2}, {'x': 0.16297688736692836, 'y': 0.4460967339127104, 'order': 3}, {'x': 0.23143479386009952, 'y': 0.5011501990819243, 'order': 4}, {'x': 0.30666473834112606, 'y': 0.5465207969947992, 'order': 5}, {'x': 0.39138912027751377, 'y': 0.5682542158599948, 'order': 6}, {'x': 0.4780255177763643, 'y': 0.5611451958102806, 'order': 7}, {'x': 0.5546928872907851, 'y': 0.5211597283588401, 'order': 8}, {'x': 0.6253155395483303, 'y': 0.4687153116491748, 'order': 9}, {'x': 0.6628888898377729, 'y': 0.5073272741873415, 'order': 10}, {'x': 0.6319317261814367, 'y': 0.5896077491583783, 'order': 11}, {'x': 0.644144947554922, 'y': 0.674459003405408, 'order': 12}, {'x': 0.6968223453032532, 'y': 0.7412439395582141, 'order': 13}, {'x': 0.782123721352829, 'y': 0.7315688951185647, 'order': 14}, {'x': 0.8378965414255223, 'y': 0.6656705066872195, 'order': 15}, {'x': 0.9004627208465605, 'y': 0.607442485397333, 'order': 16}, {'x': 0.9308763416059762, 'y': 0.5616100408045088, 'order': 17}, {'x': 0.845274666869025, 'y': 0.5820525174040027, 'order': 18}, {'x': 0.7620012222147795, 'y': 0.5730407182332669, 'order': 19}, {'x': 0.7625788715599973, 'y': 0.4908637774499416, 'order': 20}, {'x': 0.7916912670818578, 'y': 0.4088688814160112, 'order': 21}, {'x': 0.7703861599835892, 'y': 0.32477182864828696, 'order': 22}, {'x': 0.7133881682867008, 'y': 0.2658984516497415, 'order': 23}, {'x': 0.6255180133407454, 'y': 0.27134692048256853, 'order': 24}, {'x': 0.5380294370725627, 'y': 0.2640298475460535, 'order': 25}, {'x': 0.4506415970585065, 'y': 0.25334268887191363, 'order': 26}, {'x': 0.36263279739874543, 'y': 0.25467191973338127, 'order': 27}, {'x': 0.2746251663097736, 'y': 0.25651077786109944, 'order': 28}, {'x': 0.18873914109511272, 'y': 0.2738187841097662, 'order': 29}, {'x': 0.1192768805131844, 'y': 0.3259377053018075, 'order': 30}]",141f2fb7-45ad-40ba-bf47-838658d9f5d2,/Users/log/Github/sketchvlm/datasets/connect_dots_dataset/outlines_gt/Birds-Silhouettes-Duck2.png,outlines,outlines_gt,,,,,,
Peileppe-crow-standing,30,1.0,1.0,"[{'x': 0.16929057223049443, 'y': 0.8512638966726997, 'order': 1}, {'x': 0.2078618774591239, 'y': 0.8944562863036181, 'order': 2}, {'x': 0.30213822952045205, 'y': 0.9387754952997611, 'order': 3}, {'x': 0.4003282215788551, 'y': 0.9281673174527951, 'order': 4}, {'x': 0.47960672572474505, 'y': 0.8591619585340914, 'order': 5}, {'x': 0.5525093742009503, 'y': 0.7845937788895964, 'order': 6}, {'x': 0.6351207833080464, 'y': 0.7221214385153846, 'order': 7}, {'x': 0.6845534983211532, 'y': 0.6293618095465907, 'order': 8}, {'x': 0.7161008303462603, 'y': 0.5289638641786892, 'order': 9}, {'x': 0.7418733077823343, 'y': 0.4265502876400141, 'order': 10}, {'x': 0.7687896475970564, 'y': 0.32449719308455677, 'order': 11}, {'x': 0.8081343582916094, 'y': 0.2265755637787497, 'order': 12}, {'x': 0.8405621651306083, 'y': 0.1376846730451231, 'order': 13}, {'x': 0.8405800013932097, 'y': 0.05231323200788987, 'order': 14}, {'x': 0.7484234463887156, 'y': 0.05732774201884829, 'order': 15}, {'x': 0.6726232763792361, 'y': 0.12167242397996586, 'order': 16}, {'x': 0.6084795064332091, 'y': 0.20556722733361332, 'order': 17}, {'x': 0.5525368269743968, 'y': 0.1811129936889447, 'order': 18}, {'x': 0.5133450242799953, 'y': 0.20345529180446414, 'order': 19}, {'x': 0.5514056497240319, 'y': 0.2693710006674854, 'order': 20}, {'x': 0.4589271734735817, 'y': 0.28240306105031326, 'order': 21}, {'x': 0.4193336064466309, 'y': 0.19543124692222835, 'order': 22}, {'x': 0.34812111288220415, 'y': 0.18084737980432783, 'order': 23}, {'x': 0.3931655319370349, 'y': 0.23039435851564016, 'order': 24}, {'x': 0.3958426775384759, 'y': 0.32151657245564425, 'order': 25}, {'x': 0.33659036542316134, 'y': 0.40893467562441216, 'order': 26}, {'x': 0.2931505943196367, 'y': 0.5044060692522941, 'order': 27}, {'x': 0.2622551412196735, 'y': 0.6051015431434418, 'order': 28}, {'x': 0.25588207171638716, 'y': 0.7088355030471473, 'order': 29}, {'x': 0.2619823977525089, 'y': 0.8106878292239061, 'order': 30}]",d67840ca-fc4e-4032-b093-135b422dcc52,/Users/log/Github/sketchvlm/datasets/connect_dots_dataset/outlines_gt/Peileppe-crow-standing.png,outlines,outlines_gt,,,,,,
image_00084,4,768.0,512.0,"[{'x': 25, 'y': 97, 'label': 1}, {'x': 287, 'y': 403, 'label': 2}, {'x': 721, 'y': 378, 'label': 3}, {'x': 238, 'y': 358, 'label': 4}]",2f6b11f7-0c75-4792-be53-a1ba19ed35ad,/Users/log/Github/sketchvlm/datasets/connect_dots_dataset/random_gt/image_00084.png,random,random_gt,84.0,datasets/auto_connect_dots/images/image_00084.png,"[1, 2, 3, 4]",datasets/auto_connect_dots/labels/image_00084_gt.png,connect_the_dots,Connect the numbered dots (1..N) in order to form the ground-truth polyline.
image_00092,5,768.0,512.0,"[{'x': 533, 'y': 103, 'label': 1}, {'x': 123, 'y': 298, 'label': 2}, {'x': 624, 'y': 333, 'label': 3}, {'x': 479, 'y': 397, 'label': 4}, {'x': 349, 'y': 113, 'label': 5}]",d88e13bf-a262-4d96-9605-0beba670bb57,/Users/log/Github/sketchvlm/datasets/connect_dots_dataset/random_gt/image_00092.png,random,random_gt,92.0,datasets/auto_connect_dots/images/image_00092.png,"[1, 2, 3, 4, 5]",datasets/auto_connect_dots/labels/image_00092_gt.png,connect_the_dots,Connect the numbered dots (1..N) in order to form the ground-truth polyline.
image_00088,6,768.0,512.0,"[{'x': 204, 'y': 227, 'label': 1}, {'x': 286, 'y': 291, 'label': 2}, {'x': 684, 'y': 239, 'label': 3}, {'x': 352, 'y': 299, 'label': 4}, {'x': 458, 'y': 275, 'label': 5}, {'x': 499, 'y': 85, 'label': 6}]",c23d0405-8969-4067-b6ef-d2df3f2abccb,/Users/log/Github/sketchvlm/datasets/connect_dots_dataset/random_gt/image_00088.png,random,random_gt,88.0,datasets/auto_connect_dots/images/image_00088.png,"[1, 2, 3, 4, 5, 6]",datasets/auto_connect_dots/labels/image_00088_gt.png,connect_the_dots,Connect the numbered dots (1..N) in order to form the ground-truth polyline.
image_00026,6,768.0,512.0,"[{'x': 41, 'y': 206, 'label': 1}, {'x': 611, 'y': 300, 'label': 2}, {'x': 83, 'y': 398, 'label': 3}, {'x': 669, 'y': 101, 'label': 4}, {'x': 385, 'y': 35, 'label': 5}, {'x': 526, 'y': 345, 'label': 6}]",a09e0f55-0b73-4f7b-b881-f3021eaac4aa,/Users/log/Github/sketchvlm/datasets/connect_dots_dataset/random_gt/image_00026.png,random,random_gt,26.0,datasets/auto_connect_dots/images/image_00026.png,"[1, 2, 3, 4, 5, 6]",datasets/auto_connect_dots/labels/image_00026_gt.png,connect_the_dots,Connect the numbered dots (1..N) in order to form the ground-truth polyline.
image_00066,8,768.0,512.0,"[{'x': 625, 'y': 467, 'label': 1}, {'x': 404, 'y': 257, 'label': 2}, {'x': 267, 'y': 330, 'label': 3}, {'x': 369, 'y': 343, 'label': 4}, {'x': 672, 'y': 98, 'label': 5}, {'x': 353, 'y': 148, 'label': 6}, {'x': 171, 'y': 456, 'label': 7}, {'x': 201, 'y': 298, 'label': 8}]",938161ba-2c8a-4dff-b509-f60b16f1e884,/Users/log/Github/sketchvlm/datasets/connect_dots_dataset/random_gt/image_00066.png,random,random_gt,66.0,datasets/auto_connect_dots/images/image_00066.png,"[1, 2, 3, 4, 5, 6, 7, 8]",datasets/auto_connect_dots/labels/image_00066_gt.png,connect_the_dots,Connect the numbered dots (1..N) in order to form the ground-truth polyline.
image_00050,10,768.0,512.0,"[{'x': 371, 'y': 478, 'label': 1}, {'x': 722, 'y': 448, 'label': 2}, {'x': 557, 'y': 120, 'label': 3}, {'x': 359, 'y': 117, 'label': 4}, {'x': 555, 'y': 301, 'label': 5}, {'x': 632, 'y': 322, 'label': 6}, {'x': 468, 'y': 101, 'label': 7}, {'x': 672, 'y': 376, 'label': 8}, {'x': 656, 'y': 276, 'label': 9}, {'x': 703, 'y': 316, 'label': 10}]",b00dffae-3759-4727-98ee-5a11d086dc2c,/Users/log/Github/sketchvlm/datasets/connect_dots_dataset/random_gt/image_00050.png,random,random_gt,50.0,datasets/auto_connect_dots/images/image_00050.png,"[1, 2, 3, 4, 5, 6, 7, 8, 9, 10]",datasets/auto_connect_dots/labels/image_00050_gt.png,connect_the_dots,Connect the numbered dots (1..N) in order to form the ground-truth polyline.
image_00085,4,768.0,512.0,"[{'x': 537, 'y': 430, 'label': 1}, {'x': 530, 'y': 98, 'label': 2}, {'x': 671, 'y': 152, 'label': 3}, {'x': 352, 'y': 121, 'label': 4}]",428a7bdb-6ea7-4a6e-b16b-28dbf3d91672,/Users/log/Github/sketchvlm/datasets/connect_dots_dataset/random_gt/image_00085.png,random,random_gt,85.0,datasets/auto_connect_dots/images/image_00085.png,"[1, 2, 3, 4]",datasets/auto_connect_dots/labels/image_00085_gt.png,connect_the_dots,Connect the numbered dots (1..N) in order to form the ground-truth polyline.
image_00061,10,768.0,512.0,"[{'x': 207, 'y': 278, 'label': 1}, {'x': 697, 'y': 101, 'label': 2}, {'x': 650, 'y': 326, 'label': 3}, {'x': 541, 'y': 232, 'label': 4}, {'x': 256, 'y': 487, 'label': 5}, {'x': 26, 'y': 51, 'label': 6}, {'x': 470, 'y': 483, 'label': 7}, {'x': 642, 'y': 40, 'label': 8}, {'x': 685, 'y': 355, 'label': 9}, {'x': 538, 'y': 67, 'label': 10}]",dedc9d8e-b803-4932-b313-e69ab405dbbe,/Users/log/Github/sketchvlm/datasets/connect_dots_dataset/random_gt/image_00061.png,random,random_gt,61.0,datasets/auto_connect_dots/images/image_00061.png,"[1, 2, 3, 4, 5, 6, 7, 8, 9, 10]",datasets/auto_connect_dots/labels/image_00061_gt.png,connect_the_dots,Connect the numbered dots (1..N) in order to form the ground-truth polyline.
image_00041,9,768.0,512.0,"[{'x': 444, 'y': 161, 'label': 1}, {'x': 408, 'y': 396, 'label': 2}, {'x': 237, 'y': 201, 'label': 3}, {'x': 161, 'y': 91, 'label': 4}, {'x': 136, 'y': 337, 'label': 5}, {'x': 389, 'y': 108, 'label': 6}, {'x': 55, 'y': 244, 'label': 7}, {'x': 614, 'y': 227, 'label': 8}, {'x': 498, 'y': 62, 'label': 9}]",a1eacc3d-db1e-4ec2-810e-32f5f3892dd5,/Users/log/Github/sketchvlm/datasets/connect_dots_dataset/random_gt/image_00041.png,random,random_gt,41.0,datasets/auto_connect_dots/images/image_00041.png,"[1, 2, 3, 4, 5, 6, 7, 8, 9]",datasets/auto_connect_dots/labels/image_00041_gt.png,connect_the_dots,Connect the numbered dots (1..N) in order to form the ground-truth polyline.
image_00040,7,768.0,512.0,"[{'x': 665, 'y': 78, 'label': 1}, {'x': 571, 'y': 473, 'label': 2}, {'x': 73, 'y': 97, 'label': 3}, {'x': 425, 'y': 37, 'label': 4}, {'x': 455, 'y': 398, 'label': 5}, {'x': 426, 'y': 245, 'label': 6}, {'x': 131, 'y': 389, 'label': 7}]",0f4c16b0-e483-4f77-90ff-b279db614b6a,/Users/log/Github/sketchvlm/datasets/connect_dots_dataset/random_gt/image_00040.png,random,random_gt,40.0,datasets/auto_connect_dots/images/image_00040.png,"[1, 2, 3, 4, 5, 6, 7]",datasets/auto_connect_dots/labels/image_00040_gt.png,connect_the_dots,Connect the numbered dots (1..N) in order to form the ground-truth polyline.
image_00076,10,768.0,512.0,"[{'x': 31, 'y': 160, 'label': 1}, {'x': 133, 'y': 453, 'label': 2}, {'x': 418, 'y': 386, 'label': 3}, {'x': 287, 'y': 125, 'label': 4}, {'x': 520, 'y': 474, 'label': 5}, {'x': 506, 'y': 159, 'label': 6}, {'x': 551, 'y': 230, 'label': 7}, {'x': 159, 'y': 335, 'label': 8}, {'x': 200, 'y': 379, 'label': 9}, {'x': 371, 'y': 157, 'label': 10}]",02732e6b-ef92-4671-bac9-398289619452,/Users/log/Github/sketchvlm/datasets/connect_dots_dataset/random_gt/image_00076.png,random,random_gt,76.0,datasets/auto_connect_dots/images/image_00076.png,"[1, 2, 3, 4, 5, 6, 7, 8, 9, 10]",datasets/auto_connect_dots/labels/image_00076_gt.png,connect_the_dots,Connect the numbered dots (1..N) in order to form the ground-truth polyline.
image_00060,4,768.0,512.0,"[{'x': 646, 'y': 109, 'label': 1}, {'x': 341, 'y': 444, 'label': 2}, {'x': 265, 'y': 225, 'label': 3}, {'x': 535, 'y': 402, 'label': 4}]",aa54167b-9ece-4a3e-9b72-06353b55ccbd,/Users/log/Github/sketchvlm/datasets/connect_dots_dataset/random_gt/image_00060.png,random,random_gt,60.0,datasets/auto_connect_dots/images/image_00060.png,"[1, 2, 3, 4]",datasets/auto_connect_dots/labels/image_00060_gt.png,connect_the_dots,Connect the numbered dots (1..N) in order to form the ground-truth polyline.
image_00002,8,768.0,512.0,"[{'x': 696, 'y': 157, 'label': 1}, {'x': 511, 'y': 59, 'label': 2}, {'x': 115, 'y': 371, 'label': 3}, {'x': 157, 'y': 472, 'label': 4}, {'x': 177, 'y': 43, 'label': 5}, {'x': 106, 'y': 483, 'label': 6}, {'x': 740, 'y': 448, 'label': 7}, {'x': 577, 'y': 373, 'label': 8}]",053a7a7e-e2ba-4031-9167-0a3ee4a1461a,/Users/log/Github/sketchvlm/datasets/connect_dots_dataset/random_gt/image_00002.png,random,random_gt,2.0,datasets/auto_connect_dots/images/image_00002.png,"[1, 2, 3, 4, 5, 6, 7, 8]",datasets/auto_connect_dots/labels/image_00002_gt.png,connect_the_dots,Connect the numbered dots (1..N) in order to form the ground-truth polyline.
image_00080,8,768.0,512.0,"[{'x': 734, 'y': 367, 'label': 1}, {'x': 591, 'y': 231, 'label': 2}, {'x': 652, 'y': 166, 'label': 3}, {'x': 236, 'y': 64, 'label': 4}, {'x': 462, 'y': 35, 'label': 5}, {'x': 374, 'y': 402, 'label': 6}, {'x': 26, 'y': 125, 'label': 7}, {'x': 452, 'y': 253, 'label': 8}]",e7041138-5086-4e2c-a4f5-0a05170fc88e,/Users/log/Github/sketchvlm/datasets/connect_dots_dataset/random_gt/image_00080.png,random,random_gt,80.0,datasets/auto_connect_dots/images/image_00080.png,"[1, 2, 3, 4, 5, 6, 7, 8]",datasets/auto_connect_dots/labels/image_00080_gt.png,connect_the_dots,Connect the numbered dots (1..N) in order to form the ground-truth polyline.
image_00039,5,768.0,512.0,"[{'x': 441, 'y': 313, 'label': 1}, {'x': 698, 'y': 203, 'label': 2}, {'x': 122, 'y': 244, 'label': 3}, {'x': 470, 'y': 149, 'label': 4}, {'x': 506, 'y': 219, 'label': 5}]",b7634d02-2b4b-4200-bdbc-994573d8071a,/Users/log/Github/sketchvlm/datasets/connect_dots_dataset/random_gt/image_00039.png,random,random_gt,39.0,datasets/auto_connect_dots/images/image_00039.png,"[1, 2, 3, 4, 5]",datasets/auto_connect_dots/labels/image_00039_gt.png,connect_the_dots,Connect the numbered dots (1..N) in order to form the ground-truth polyline.
image_00023,6,768.0,512.0,"[{'x': 351, 'y': 246, 'label': 1}, {'x': 133, 'y': 309, 'label': 2}, {'x': 316, 'y': 336, 'label': 3}, {'x': 578, 'y': 427, 'label': 4}, {'x': 230, 'y': 388, 'label': 5}, {'x': 327, 'y': 422, 'label': 6}]",268a4178-feab-47c4-abe0-adec7cb6a409,/Users/log/Github/sketchvlm/datasets/connect_dots_dataset/random_gt/image_00023.png,random,random_gt,23.0,datasets/auto_connect_dots/images/image_00023.png,"[1, 2, 3, 4, 5, 6]",datasets/auto_connect_dots/labels/image_00023_gt.png,connect_the_dots,Connect the numbered dots (1..N) in order to form the ground-truth polyline.
image_00019,9,768.0,512.0,"[{'x': 323, 'y': 396, 'label': 1}, {'x': 256, 'y': 96, 'label': 2}, {'x': 610, 'y': 171, 'label': 3}, {'x': 219, 'y': 77, 'label': 4}, {'x': 468, 'y': 259, 'label': 5}, {'x': 362, 'y': 220, 'label': 6}, {'x': 196, 'y': 193, 'label': 7}, {'x': 455, 'y': 355, 'label': 8}, {'x': 727, 'y': 246, 'label': 9}]",56e776aa-51c4-4cc1-a5e1-6b614564ee48,/Users/log/Github/sketchvlm/datasets/connect_dots_dataset/random_gt/image_00019.png,random,random_gt,19.0,datasets/auto_connect_dots/images/image_00019.png,"[1, 2, 3, 4, 5, 6, 7, 8, 9]",datasets/auto_connect_dots/labels/image_00019_gt.png,connect_the_dots,Connect the numbered dots (1..N) in order to form the ground-truth polyline.
image_00004,9,768.0,512.0,"[{'x': 150, 'y': 269, 'label': 1}, {'x': 239, 'y': 396, 'label': 2}, {'x': 86, 'y': 371, 'label': 3}, {'x': 47, 'y': 302, 'label': 4}, {'x': 459, 'y': 341, 'label': 5}, {'x': 127, 'y': 451, 'label': 6}, {'x': 290, 'y': 59, 'label': 7}, {'x': 250, 'y': 60, 'label': 8}, {'x': 686, 'y': 178, 'label': 9}]",e2cfc1b7-9d15-4a70-bf10-86b570e7a866,/Users/log/Github/sketchvlm/datasets/connect_dots_dataset/random_gt/image_00004.png,random,random_gt,4.0,datasets/auto_connect_dots/images/image_00004.png,"[1, 2, 3, 4, 5, 6, 7, 8, 9]",datasets/auto_connect_dots/labels/image_00004_gt.png,connect_the_dots,Connect the numbered dots (1..N) in order to form the ground-truth polyline.
image_00069,5,768.0,512.0,"[{'x': 301, 'y': 65, 'label': 1}, {'x': 740, 'y': 340, 'label': 2}, {'x': 731, 'y': 467, 'label': 3}, {'x': 309, 'y': 429, 'label': 4}, {'x': 637, 'y': 401, 'label': 5}]",8cd80dad-21d1-427b-9e09-2cdfe1a27dd5,/Users/log/Github/sketchvlm/datasets/connect_dots_dataset/random_gt/image_00069.png,random,random_gt,69.0,datasets/auto_connect_dots/images/image_00069.png,"[1, 2, 3, 4, 5]",datasets/auto_connect_dots/labels/image_00069_gt.png,connect_the_dots,Connect the numbered dots (1..N) in order to form the ground-truth polyline.
image_00025,7,768.0,512.0,"[{'x': 134, 'y': 339, 'label': 1}, {'x': 50, 'y': 293, 'label': 2}, {'x': 634, 'y': 207, 'label': 3}, {'x': 524, 'y': 257, 'label': 4}, {'x': 340, 'y': 30, 'label': 5}, {'x': 249, 'y': 308, 'label': 6}, {'x': 692, 'y': 107, 'label': 7}]",5311a4bb-632a-4819-a42a-2a543b5f0a14,/Users/log/Github/sketchvlm/datasets/connect_dots_dataset/random_gt/image_00025.png,random,random_gt,25.0,datasets/auto_connect_dots/images/image_00025.png,"[1, 2, 3, 4, 5, 6, 7]",datasets/auto_connect_dots/labels/image_00025_gt.png,connect_the_dots,Connect the numbered dots (1..N) in order to form the ground-truth polyline.
image_00052,7,768.0,512.0,"[{'x': 655, 'y': 411, 'label': 1}, {'x': 392, 'y': 183, 'label': 2}, {'x': 109, 'y': 405, 'label': 3}, {'x': 47, 'y': 416, 'label': 4}, {'x': 268, 'y': 338, 'label': 5}, {'x': 52, 'y': 325, 'label': 6}, {'x': 548, 'y': 212, 'label': 7}]",1fb58cb2-a76d-4082-b798-3608655b0881,/Users/log/Github/sketchvlm/datasets/connect_dots_dataset/random_gt/image_00052.png,random,random_gt,52.0,datasets/auto_connect_dots/images/image_00052.png,"[1, 2, 3, 4, 5, 6, 7]",datasets/auto_connect_dots/labels/image_00052_gt.png,connect_the_dots,Connect the numbered dots (1..N) in order to form the ground-truth polyline.
bridge,15,1090.0,828.0,"[{'x': 727, 'y': 143, 'label': 1}, {'x': 997, 'y': 481, 'label': 2}, {'x': 1019, 'y': 563, 'label': 3}, {'x': 743, 'y': 535, 'label': 4}, {'x': 741, 'y': 625, 'label': 5}, {'x': 667, 'y': 624, 'label': 6}, {'x': 679, 'y': 526, 'label': 7}, {'x': 348, 'y': 524, 'label': 8}, {'x': 351, 'y': 612, 'label': 9}, {'x': 274, 'y': 612, 'label': 10}, {'x': 287, 'y': 513, 'label': 11}, {'x': 78, 'y': 537, 'label': 12}, {'x': 92, 'y': 442, 'label': 13}, {'x': 311, 'y': 154, 'label': 14}, {'x': 522, 'y': 379, 'label': 15}]",60977c03-13c0-4198-86fe-adf8e63638b5,/Users/log/Github/sketchvlm/datasets/connect_dots_dataset/worksheets_gt/bridge.png,worksheets,worksheets_gt,12.0,datasets/connect_dots/images/bridge.png,"[1, 2, 3, 4, 5, 6, 7, 8, 9, 10, 11, 12, 13, 14, 15]",datasets/connect_dots/labels/bridge_gt.png,connect_the_dots,Connect the numbered dots (1..N) in order to form the ground-truth polyline.
alarm_clock,19,945.0,721.0,"[{'x': 469, 'y': 87, 'label': 1}, {'x': 588, 'y': 119, 'label': 2}, {'x': 686, 'y': 191, 'label': 3}, {'x': 740, 'y': 281, 'label': 4}, {'x': 753, 'y': 411, 'label': 5}, {'x': 710, 'y': 526, 'label': 6}, {'x': 773, 'y': 587, 'label': 7}, {'x': 745, 'y': 619, 'label': 8}, {'x': 681, 'y': 561, 'label': 9}, {'x': 556, 'y': 641, 'label': 10}, {'x': 422, 'y': 649, 'label': 11}, {'x': 268, 'y': 568, 'label': 12}, {'x': 213, 'y': 619, 'label': 13}, {'x': 178, 'y': 598, 'label': 14}, {'x': 236, 'y': 535, 'label': 15}, {'x': 195, 'y': 409, 'label': 16}, {'x': 205, 'y': 283, 'label': 17}, {'x': 254, 'y': 190, 'label': 18}, {'x': 353, 'y': 117, 'label': 19}]",5db72f84-d373-4bd6-8974-3626955ca3f9,/Users/log/Github/sketchvlm/datasets/connect_dots_dataset/worksheets_gt/alarm_clock.png,worksheets,worksheets_gt,2.0,datasets/connect_dots/images/alarm_clock.png,"[1, 2, 3, 4, 5, 6, 7, 8, 9, 10, 11, 12, 13, 14, 15, 16, 17, 18, 19]",datasets/connect_dots/labels/alarm_clock_gt.png,connect_the_dots,Connect the numbered dots (1..N) in order to form the ground-truth polyline.
music_note,12,707.0,937.0,"[{'x': 388, 'y': 131, 'label': 1}, {'x': 389, 'y': 222, 'label': 2}, {'x': 387, 'y': 323, 'label': 3}, {'x': 392, 'y': 437, 'label': 4}, {'x': 388, 'y': 540, 'label': 5}, {'x': 386, 'y': 642, 'label': 6}, {'x': 261, 'y': 629, 'label': 7}, {'x': 141, 'y': 655, 'label': 8}, {'x': 62, 'y': 738, 'label': 9}, {'x': 154, 'y': 771, 'label': 10}, {'x': 288, 'y': 757, 'label': 11}, {'x': 413, 'y': 688, 'label': 12}]",91361732-8771-4e59-90b1-c693cffe4589,/Users/log/Github/sketchvlm/datasets/connect_dots_dataset/worksheets_gt/music_note.png,worksheets,worksheets_gt,13.0,datasets/connect_dots/images/music_note.png,"[1, 2, 3, 4, 5, 6, 7, 8, 9, 10, 11, 12]",datasets/connect_dots/labels/music_note_gt.png,connect_the_dots,Connect the numbered dots (1..N) in order to form the ground-truth polyline.
apple,10,785.0,849.0,"[{'x': 407, 'y': 188, 'label': 1}, {'x': 519, 'y': 165, 'label': 2}, {'x': 634, 'y': 192, 'label': 3}, {'x': 705, 'y': 290, 'label': 4}, {'x': 709, 'y': 414, 'label': 5}, {'x': 686, 'y': 507, 'label': 6}, {'x': 652, 'y': 607, 'label': 7}, {'x': 592, 'y': 690, 'label': 8}, {'x': 506, 'y': 739, 'label': 9}, {'x': 410, 'y': 724, 'label': 10}]",03a9ea50-7f46-4cc7-9fb1-50d338cebc1c,/Users/log/Github/sketchvlm/datasets/connect_dots_dataset/worksheets_gt/apple.png,worksheets,worksheets_gt,4.0,datasets/connect_dots/images/apple.png,"[1, 2, 3, 4, 5, 6, 7, 8, 9, 10]",datasets/connect_dots/labels/apple_gt.png,connect_the_dots,Connect the numbered dots (1..N) in order to form the ground-truth polyline.
plane,25,867.0,682.0,"[{'x': 124, 'y': 360, 'label': 1}, {'x': 93, 'y': 313, 'label': 2}, {'x': 134, 'y': 273, 'label': 3}, {'x': 175, 'y': 299, 'label': 4}, {'x': 223, 'y': 247, 'label': 5}, {'x': 344, 'y': 243, 'label': 6}, {'x': 414, 'y': 284, 'label': 7}, {'x': 630, 'y': 272, 'label': 8}, {'x': 690, 'y': 152, 'label': 9}, {'x': 735, 'y': 140, 'label': 10}, {'x': 764, 'y': 175, 'label': 11}, {'x': 736, 'y': 324, 'label': 12}, {'x': 792, 'y': 363, 'label': 13}, {'x': 758, 'y': 386, 'label': 14}, {'x': 722, 'y': 374, 'label': 15}, {'x': 685, 'y': 411, 'label': 16}, {'x': 497, 'y': 478, 'label': 17}, {'x': 609, 'y': 563, 'label': 18}, {'x': 612, 'y': 592, 'label': 19}, {'x': 581, 'y': 617, 'label': 20}, {'x': 498, 'y': 611, 'label': 21}, {'x': 434, 'y': 588, 'label': 22}, {'x': 348, 'y': 528, 'label': 23}, {'x': 214, 'y': 524, 'label': 24}, {'x': 153, 'y': 482, 'label': 25}]",78afac54-cb0f-45be-9059-669b04f7f38c,/Users/log/Github/sketchvlm/datasets/connect_dots_dataset/worksheets_gt/plane.png,worksheets,worksheets_gt,17.0,datasets/connect_dots/images/plane.png,"[1, 2, 3, 4, 5, 6, 7, 8, 9, 10, 11, 12, 13, 14, 15, 16, 17, 18, 19, 20, 21, 22, 23, 24, 25]",datasets/connect_dots/labels/plane_gt.png,connect_the_dots,Connect the numbered dots (1..N) in order to form the ground-truth polyline.
fruit,20,270.0,350.0,"[{'x': 131, 'y': 149, 'label': 1}, {'x': 115, 'y': 156, 'label': 2}, {'x': 101, 'y': 167, 'label': 3}, {'x': 93, 'y': 181, 'label': 4}, {'x': 89, 'y': 200, 'label': 5}, {'x': 86, 'y': 217, 'label': 6}, {'x': 80, 'y': 234, 'label': 7}, {'x': 75, 'y': 252, 'label': 8}, {'x': 63, 'y': 267, 'label': 9}, {'x': 73, 'y': 284, 'label': 10}, {'x': 96, 'y': 289, 'label': 11}, {'x': 118, 'y': 284, 'label': 12}, {'x': 134, 'y': 278, 'label': 13}, {'x': 154, 'y': 265, 'label': 14}, {'x': 174, 'y': 247, 'label': 15}, {'x': 171, 'y': 272, 'label': 16}, {'x': 186, 'y': 254, 'label': 17}, {'x': 194, 'y': 230, 'label': 18}, {'x': 198, 'y': 208, 'label': 19}, {'x': 197, 'y': 187, 'label': 20}]",b8c092a8-b9e0-4b70-b809-ef56a7ecb3a7,/Users/log/Github/sketchvlm/datasets/connect_dots_dataset/worksheets_gt/fruit.png,worksheets,worksheets_gt,2.0,datasets/connect_dots/images/fruit.jpg,"[1, 2, 3, 4, 5, 6, 7, 8, 9, 10, 11, 12, 13, 14, 15, 16, 17, 18, 19, 20]",datasets/connect_dots/labels/fruit_gt.png,connect_the_dots,Connect the numbered dots (1..N) in order to form the ground-truth polyline.
flower,21,980.0,980.0,"[{'x': 364, 'y': 159, 'label': 1}, {'x': 330, 'y': 173, 'label': 2}, {'x': 318, 'y': 206, 'label': 3}, {'x': 307, 'y': 253, 'label': 4}, {'x': 317, 'y': 300, 'label': 5}, {'x': 332, 'y': 342, 'label': 6}, {'x': 354, 'y': 376, 'label': 7}, {'x': 384, 'y': 403, 'label': 8}, {'x': 427, 'y': 425, 'label': 9}, {'x': 480, 'y': 437, 'label': 10}, {'x': 527, 'y': 431, 'label': 11}, {'x': 573, 'y': 415, 'label': 12}, {'x': 609, 'y': 388, 'label': 13}, {'x': 638, 'y': 357, 'label': 14}, {'x': 662, 'y': 322, 'label': 15}, {'x': 680, 'y': 272, 'label': 16}, {'x': 681, 'y': 231, 'label': 17}, {'x': 666, 'y': 202, 'label': 18}, {'x': 655, 'y': 169, 'label': 19}, {'x': 619, 'y': 160, 'label': 20}, {'x': 587, 'y': 185, 'label': 21}]",1b9d5600-318d-42fe-b056-ca69ae3cfbe6,/Users/log/Github/sketchvlm/datasets/connect_dots_dataset/worksheets_gt/flower.png,worksheets,worksheets_gt,0.0,datasets/connect_dots/images/flower.jpg,"[1, 2, 3, 4, 5, 6, 7, 8, 9, 10, 11, 12, 13, 14, 15, 16, 17, 18, 19, 20, 21]",datasets/connect_dots/labels/flower_gt.png,connect_the_dots,Connect the numbered dots (1..N) in order to form the ground-truth polyline.
banana,10,1327.0,1982.0,"[{'x': 744, 'y': 382, 'label': 1}, {'x': 819, 'y': 494, 'label': 2}, {'x': 856, 'y': 612, 'label': 3}, {'x': 862, 'y': 737, 'label': 4}, {'x': 852, 'y': 857, 'label': 5}, {'x': 813, 'y': 1026, 'label': 6}, {'x': 713, 'y': 1267, 'label': 7}, {'x': 595, 'y': 1442, 'label': 8}, {'x': 450, 'y': 1593, 'label': 9}, {'x': 240, 'y': 1709, 'label': 10}]",fc3a6733-50ac-4a0d-8f16-e454e63e3d11,/Users/log/Github/sketchvlm/datasets/connect_dots_dataset/worksheets_gt/banana.png,worksheets,worksheets_gt,8.0,datasets/connect_dots/images/banana.png,"[1, 2, 3, 4, 5, 6, 7, 8, 9, 10]",datasets/connect_dots/labels/banana_gt.png,connect_the_dots,Connect the numbered dots (1..N) in order to form the ground-truth polyline.
lock,11,714.0,939.0,"[{'x': 83, 'y': 405, 'label': 1}, {'x': 149, 'y': 406, 'label': 2}, {'x': 153, 'y': 223, 'label': 3}, {'x': 256, 'y': 96, 'label': 4}, {'x': 361, 'y': 46, 'label': 5}, {'x': 505, 'y': 94, 'label': 6}, {'x': 569, 'y': 228, 'label': 7}, {'x': 570, 'y': 404, 'label': 8}, {'x': 632, 'y': 406, 'label': 9}, {'x': 628, 'y': 898, 'label': 10}, {'x': 88, 'y': 900, 'label': 11}]",df319157-e200-4eda-a0d0-7e17fa6c68dd,/Users/log/Github/sketchvlm/datasets/connect_dots_dataset/worksheets_gt/lock.png,worksheets,worksheets_gt,0.0,datasets/connect_dots/images/Screenshot 2025-10-11 140750.png,"[1, 2, 3, 4, 5, 6, 7, 8, 9, 10, 11]",datasets/connect_dots/labels/Screenshot 2025-10-11 140750_gt.png,connect_the_dots,Connect the numbered dots (1..N) in order to form the ground-truth polyline.
lion,24,1056.0,1336.0,"[{'x': 185, 'y': 333, 'label': 1}, {'x': 126, 'y': 505, 'label': 2}, {'x': 199, 'y': 663, 'label': 3}, {'x': 285, 'y': 752, 'label': 4}, {'x': 306, 'y': 837, 'label': 5}, {'x': 179, 'y': 780, 'label': 6}, {'x': 82, 'y': 837, 'label': 7}, {'x': 153, 'y': 1016, 'label': 8}, {'x': 126, 'y': 1108, 'label': 9}, {'x': 278, 'y': 1105, 'label': 10}, {'x': 362, 'y': 1154, 'label': 11}, {'x': 439, 'y': 1124, 'label': 12}, {'x': 516, 'y': 1157, 'label': 13}, {'x': 594, 'y': 1123, 'label': 14}, {'x': 813, 'y': 1136, 'label': 15}, {'x': 821, 'y': 1038, 'label': 16}, {'x': 890, 'y': 892, 'label': 17}, {'x': 825, 'y': 800, 'label': 18}, {'x': 702, 'y': 826, 'label': 19}, {'x': 637, 'y': 702, 'label': 20}, {'x': 685, 'y': 616, 'label': 21}, {'x': 718, 'y': 554, 'label': 22}, {'x': 722, 'y': 437, 'label': 23}, {'x': 695, 'y': 294, 'label': 24}]",27ff216a-e784-46e8-bde2-174a10642e38,/Users/log/Github/sketchvlm/datasets/connect_dots_dataset/worksheets_gt/lion.png,worksheets,worksheets_gt,9.0,datasets/connect_dots/images/lion.png,"[1, 2, 3, 4, 5, 6, 7, 8, 9, 10, 11, 12, 13, 14, 15, 16, 17, 18, 19, 20, 21, 22, 23, 24]",datasets/connect_dots/labels/lion_gt.png,connect_the_dots,Connect the numbered dots (1..N) in order to form the ground-truth polyline.
squirrel,30,1795.0,1341.0,"[{'x': 1132, 'y': 296, 'label': 1}, {'x': 1295, 'y': 332, 'label': 2}, {'x': 1461, 'y': 379, 'label': 3}, {'x': 1596, 'y': 576, 'label': 4}, {'x': 1291, 'y': 737, 'label': 5}, {'x': 1355, 'y': 770, 'label': 6}, {'x': 1499, 'y': 767, 'label': 7}, {'x': 1464, 'y': 871, 'label': 8}, {'x': 1400, 'y': 869, 'label': 9}, {'x': 1255, 'y': 923, 'label': 10}, {'x': 1276, 'y': 1032, 'label': 11}, {'x': 1132, 'y': 1082, 'label': 12}, {'x': 1321, 'y': 1177, 'label': 13}, {'x': 979, 'y': 1193, 'label': 14}, {'x': 605, 'y': 1196, 'label': 15}, {'x': 453, 'y': 980, 'label': 16}, {'x': 555, 'y': 697, 'label': 17}, {'x': 469, 'y': 540, 'label': 18}, {'x': 176, 'y': 699, 'label': 19}, {'x': 308, 'y': 218, 'label': 20}, {'x': 592, 'y': 103, 'label': 21}, {'x': 898, 'y': 259, 'label': 22}, {'x': 888, 'y': 462, 'label': 23}, {'x': 720, 'y': 682, 'label': 24}, {'x': 607, 'y': 910, 'label': 25}, {'x': 640, 'y': 1047, 'label': 26}, {'x': 704, 'y': 867, 'label': 27}, {'x': 822, 'y': 684, 'label': 28}, {'x': 1085, 'y': 507, 'label': 29}, {'x': 1192, 'y': 398, 'label': 30}]",8339a3ab-0d27-47c1-8b0e-9718282f9636,/Users/log/Github/sketchvlm/datasets/connect_dots_dataset/worksheets_gt/squirrel.png,worksheets,worksheets_gt,19.0,datasets/connect_dots/images/squirrel.png,"[1, 2, 3, 4, 5, 6, 7, 8, 9, 10, 11, 12, 13, 14, 15, 16, 17, 18, 19, 20, 21, 22, 23, 24, 25, 26, 27, 28, 29, 30]",datasets/connect_dots/labels/squirrel_gt.png,connect_the_dots,Connect the numbered dots (1..N) in order to form the ground-truth polyline.
dog,35,1110.0,1329.0,"[{'x': 473, 'y': 124, 'label': 1}, {'x': 534, 'y': 146, 'label': 2}, {'x': 647, 'y': 140, 'label': 3}, {'x': 745, 'y': 199, 'label': 4}, {'x': 864, 'y': 220, 'label': 5}, {'x': 895, 'y': 336, 'label': 6}, {'x': 807, 'y': 437, 'label': 7}, {'x': 676, 'y': 419, 'label': 8}, {'x': 661, 'y': 490, 'label': 9}, {'x': 605, 'y': 586, 'label': 10}, {'x': 715, 'y': 602, 'label': 11}, {'x': 797, 'y': 663, 'label': 12}, {'x': 875, 'y': 742, 'label': 13}, {'x': 860, 'y': 592, 'label': 14}, {'x': 879, 'y': 486, 'label': 15}, {'x': 975, 'y': 407, 'label': 16}, {'x': 937, 'y': 530, 'label': 17}, {'x': 942, 'y': 668, 'label': 18}, {'x': 985, 'y': 821, 'label': 19}, {'x': 949, 'y': 921, 'label': 20}, {'x': 963, 'y': 1010, 'label': 21}, {'x': 852, 'y': 1047, 'label': 22}, {'x': 676, 'y': 1066, 'label': 23}, {'x': 395, 'y': 1039, 'label': 24}, {'x': 308, 'y': 1024, 'label': 25}, {'x': 255, 'y': 973, 'label': 26}, {'x': 339, 'y': 883, 'label': 27}, {'x': 371, 'y': 764, 'label': 28}, {'x': 365, 'y': 643, 'label': 29}, {'x': 368, 'y': 529, 'label': 30}, {'x': 201, 'y': 567, 'label': 31}, {'x': 136, 'y': 448, 'label': 32}, {'x': 237, 'y': 315, 'label': 33}, {'x': 303, 'y': 176, 'label': 34}, {'x': 411, 'y': 165, 'label': 35}]",27a3cd7e-827e-4981-8df9-1bb05bfed07c,/Users/log/Github/sketchvlm/datasets/connect_dots_dataset/worksheets_gt/dog.png,worksheets,worksheets_gt,20.0,datasets/connect_dots/images/dog.png,"[1, 2, 3, 4, 5, 6, 7, 8, 9, 10, 11, 12, 13, 14, 15, 16, 17, 18, 19, 20, 21, 22, 23, 24, 25, 26, 27, 28, 29, 30, 31, 32, 33, 34, 35]",datasets/connect_dots/labels/dog_gt.png,connect_the_dots,Connect the numbered dots (1..N) in order to form the ground-truth polyline.
house,21,1140.0,864.0,"[{'x': 258, 'y': 159, 'label': 1}, {'x': 408, 'y': 156, 'label': 2}, {'x': 566, 'y': 152, 'label': 3}, {'x': 719, 'y': 148, 'label': 4}, {'x': 863, 'y': 138, 'label': 5}, {'x': 870, 'y': 183, 'label': 6}, {'x': 954, 'y': 324, 'label': 7}, {'x': 1046, 'y': 450, 'label': 8}, {'x': 1003, 'y': 453, 'label': 9}, {'x': 994, 'y': 569, 'label': 10}, {'x': 991, 'y': 693, 'label': 11}, {'x': 799, 'y': 711, 'label': 12}, {'x': 597, 'y': 725, 'label': 13}, {'x': 397, 'y': 732, 'label': 14}, {'x': 307, 'y': 701, 'label': 15}, {'x': 232, 'y': 667, 'label': 16}, {'x': 146, 'y': 641, 'label': 17}, {'x': 149, 'y': 523, 'label': 18}, {'x': 156, 'y': 412, 'label': 19}, {'x': 105, 'y': 402, 'label': 20}, {'x': 180, 'y': 305, 'label': 21}]",ac93e2fb-0af2-488b-af75-556013ae334a,/Users/log/Github/sketchvlm/datasets/connect_dots_dataset/worksheets_gt/house.png,worksheets,worksheets_gt,6.0,datasets/connect_dots/images/house.png,"[1, 2, 3, 4, 5, 6, 7, 8, 9, 10, 11, 12, 13, 14, 15, 16, 17, 18, 19, 20, 21]",datasets/connect_dots/labels/house_gt.png,connect_the_dots,Connect the numbered dots (1..N) in order to form the ground-truth polyline.
a2,13,528.0,769.0,"[{'x': 30, 'y': 751, 'label': 1}, {'x': 61, 'y': 633, 'label': 2}, {'x': 89, 'y': 512, 'label': 3}, {'x': 134, 'y': 391, 'label': 4}, {'x': 180, 'y': 273, 'label': 5}, {'x': 225, 'y': 152, 'label': 6}, {'x': 270, 'y': 31, 'label': 7}, {'x': 315, 'y': 153, 'label': 8}, {'x': 360, 'y': 272, 'label': 9}, {'x': 389, 'y': 392, 'label': 10}, {'x': 420, 'y': 513, 'label': 11}, {'x': 450, 'y': 632, 'label': 12}, {'x': 480, 'y': 752, 'label': 13}]",4f3fa848-a933-4d09-8acc-36eed568d280,/Users/log/Github/sketchvlm/datasets/connect_dots_dataset/worksheets_gt/a2.png,worksheets,worksheets_gt,1.0,datasets/connect_dots/images/a2.png,"[1, 2, 3, 4, 5, 6, 7, 8, 9, 10, 11, 12, 13]",datasets/connect_dots/labels/a2_gt.png,connect_the_dots,Connect the numbered dots (1..N) in order to form the ground-truth polyline.
leaf,17,831.0,1094.0,"[{'x': 697, 'y': 156, 'label': 1}, {'x': 567, 'y': 247, 'label': 2}, {'x': 410, 'y': 319, 'label': 3}, {'x': 249, 'y': 391, 'label': 4}, {'x': 167, 'y': 537, 'label': 5}, {'x': 131, 'y': 693, 'label': 6}, {'x': 164, 'y': 824, 'label': 7}, {'x': 56, 'y': 874, 'label': 8}, {'x': 83, 'y': 919, 'label': 9}, {'x': 196, 'y': 866, 'label': 10}, {'x': 382, 'y': 893, 'label': 11}, {'x': 542, 'y': 846, 'label': 12}, {'x': 661, 'y': 740, 'label': 13}, {'x': 726, 'y': 611, 'label': 14}, {'x': 755, 'y': 462, 'label': 15}, {'x': 741, 'y': 300, 'label': 16}, {'x': 701, 'y': 157, 'label': 17}]",76993cff-82c4-4867-ae2e-15ec56703b1b,/Users/log/Github/sketchvlm/datasets/connect_dots_dataset/worksheets_gt/leaf.png,worksheets,worksheets_gt,8.0,datasets/connect_dots/images/leaf.png,"[1, 2, 3, 4, 5, 6, 7, 8, 9, 10, 11, 12, 13, 14, 15, 16, 17]",datasets/connect_dots/labels/leaf_gt.png,connect_the_dots,Connect the numbered dots (1..N) in order to form the ground-truth polyline.
moon,12,882.0,1151.0,"[{'x': 740, 'y': 102, 'label': 1}, {'x': 550, 'y': 274, 'label': 2}, {'x': 453, 'y': 519, 'label': 3}, {'x': 479, 'y': 748, 'label': 4}, {'x': 583, 'y': 928, 'label': 5}, {'x': 729, 'y': 1058, 'label': 6}, {'x': 491, 'y': 1013, 'label': 7}, {'x': 304, 'y': 888, 'label': 8}, {'x': 186, 'y': 698, 'label': 9}, {'x': 176, 'y': 502, 'label': 10}, {'x': 283, 'y': 285, 'label': 11}, {'x': 486, 'y': 139, 'label': 12}]",87d8e905-ed25-44aa-a48d-e0fe3798e22c,/Users/log/Github/sketchvlm/datasets/connect_dots_dataset/worksheets_gt/moon.png,worksheets,worksheets_gt,12.0,datasets/connect_dots/images/moon.png,"[1, 2, 3, 4, 5, 6, 7, 8, 9, 10, 11, 12]",datasets/connect_dots/labels/moon_gt.png,connect_the_dots,Connect the numbered dots (1..N) in order to form the ground-truth polyline.
cat,26,985.0,1253.0,"[{'x': 452, 'y': 126, 'label': 1}, {'x': 538, 'y': 196, 'label': 2}, {'x': 673, 'y': 180, 'label': 3}, {'x': 766, 'y': 104, 'label': 4}, {'x': 778, 'y': 219, 'label': 5}, {'x': 806, 'y': 348, 'label': 6}, {'x': 779, 'y': 446, 'label': 7}, {'x': 809, 'y': 570, 'label': 8}, {'x': 809, 'y': 714, 'label': 9}, {'x': 845, 'y': 834, 'label': 10}, {'x': 804, 'y': 992, 'label': 11}, {'x': 893, 'y': 1039, 'label': 12}, {'x': 789, 'y': 1068, 'label': 13}, {'x': 715, 'y': 1071, 'label': 14}, {'x': 644, 'y': 1077, 'label': 15}, {'x': 578, 'y': 1139, 'label': 16}, {'x': 511, 'y': 1089, 'label': 17}, {'x': 412, 'y': 1112, 'label': 18}, {'x': 377, 'y': 1058, 'label': 19}, {'x': 114, 'y': 967, 'label': 20}, {'x': 140, 'y': 920, 'label': 21}, {'x': 328, 'y': 934, 'label': 22}, {'x': 325, 'y': 751, 'label': 23}, {'x': 434, 'y': 543, 'label': 24}, {'x': 470, 'y': 421, 'label': 25}, {'x': 461, 'y': 274, 'label': 26}]",88b52b81-3bf4-49fd-933d-219eb0d6ba18,/Users/log/Github/sketchvlm/datasets/connect_dots_dataset/worksheets_gt/cat.png,worksheets,worksheets_gt,16.0,datasets/connect_dots/images/cat.png,"[1, 2, 3, 4, 5, 6, 7, 8, 9, 10, 11, 12, 13, 14, 15, 16, 17, 18, 19, 20, 21, 22, 23, 24, 25, 26]",datasets/connect_dots/labels/cat_gt.png,connect_the_dots,Connect the numbered dots (1..N) in order to form the ground-truth polyline.
ball,14,1179.0,921.0,"[{'x': 495, 'y': 105, 'label': 1}, {'x': 709, 'y': 108, 'label': 2}, {'x': 862, 'y': 202, 'label': 3}, {'x': 948, 'y': 346, 'label': 4}, {'x': 954, 'y': 500, 'label': 5}, {'x': 911, 'y': 632, 'label': 6}, {'x': 826, 'y': 728, 'label': 7}, {'x': 700, 'y': 792, 'label': 8}, {'x': 546, 'y': 798, 'label': 9}, {'x': 389, 'y': 732, 'label': 10}, {'x': 287, 'y': 625, 'label': 11}, {'x': 236, 'y': 478, 'label': 12}, {'x': 252, 'y': 349, 'label': 13}, {'x': 331, 'y': 207, 'label': 14}]",d6479241-b521-4b42-89d4-14270de6fd91,/Users/log/Github/sketchvlm/datasets/connect_dots_dataset/worksheets_gt/ball.png,worksheets,worksheets_gt,6.0,datasets/connect_dots/images/ball.png,"[1, 2, 3, 4, 5, 6, 7, 8, 9, 10, 11, 12, 13, 14]",datasets/connect_dots/labels/ball_gt.png,connect_the_dots,Connect the numbered dots (1..N) in order to form the ground-truth polyline.
flower2,16,1038.0,1335.0,"[{'x': 528, 'y': 99, 'label': 1}, {'x': 650, 'y': 198, 'label': 2}, {'x': 798, 'y': 230, 'label': 3}, {'x': 809, 'y': 364, 'label': 4}, {'x': 909, 'y': 496, 'label': 5}, {'x': 819, 'y': 605, 'label': 6}, {'x': 804, 'y': 787, 'label': 7}, {'x': 657, 'y': 783, 'label': 8}, {'x': 528, 'y': 879, 'label': 9}, {'x': 405, 'y': 780, 'label': 10}, {'x': 242, 'y': 772, 'label': 11}, {'x': 234, 'y': 614, 'label': 12}, {'x': 134, 'y': 492, 'label': 13}, {'x': 235, 'y': 366, 'label': 14}, {'x': 272, 'y': 212, 'label': 15}, {'x': 408, 'y': 201, 'label': 16}]",385dcf1a-a0b5-40d0-943e-c1f8c3e6139e,/Users/log/Github/sketchvlm/datasets/connect_dots_dataset/worksheets_gt/flower2.png,worksheets,worksheets_gt,1.0,datasets/connect_dots/images/flower2.png,"[1, 2, 3, 4, 5, 6, 7, 8, 9, 10, 11, 12, 13, 14, 15, 16]",datasets/connect_dots/labels/flower2_gt.png,connect_the_dots,Connect the numbered dots (1..N) in order to form the ground-truth polyline.
cloud,21,994.0,764.0,"[{'x': 183, 'y': 242, 'label': 1}, {'x': 278, 'y': 135, 'label': 2}, {'x': 438, 'y': 168, 'label': 3}, {'x': 575, 'y': 103, 'label': 4}, {'x': 725, 'y': 206, 'label': 5}, {'x': 808, 'y': 254, 'label': 6}, {'x': 896, 'y': 332, 'label': 7}, {'x': 894, 'y': 438, 'label': 8}, {'x': 811, 'y': 499, 'label': 9}, {'x': 846, 'y': 592, 'label': 10}, {'x': 784, 'y': 660, 'label': 11}, {'x': 696, 'y': 685, 'label': 12}, {'x': 634, 'y': 661, 'label': 13}, {'x': 580, 'y': 717, 'label': 14}, {'x': 481, 'y': 700, 'label': 15}, {'x': 393, 'y': 644, 'label': 16}, {'x': 298, 'y': 660, 'label': 17}, {'x': 199, 'y': 590, 'label': 18}, {'x': 183, 'y': 483, 'label': 19}, {'x': 114, 'y': 441, 'label': 20}, {'x': 94, 'y': 302, 'label': 21}]",be92d64e-71d4-4df5-9cf2-ce5ad5fddb3d,/Users/log/Github/sketchvlm/datasets/connect_dots_dataset/worksheets_gt/cloud.png,worksheets,worksheets_gt,17.0,datasets/connect_dots/images/cloud.png,"[1, 2, 3, 4, 5, 6, 7, 8, 9, 10, 11, 12, 13, 14, 15, 16, 17, 18, 19, 20, 21]",datasets/connect_dots/labels/cloud_gt.png,connect_the_dots,Connect the numbered dots (1..N) in order to form the ground-truth polyline.
cupcake,13,974.0,1272.0,"[{'x': 604, 'y': 228, 'label': 1}, {'x': 693, 'y': 281, 'label': 2}, {'x': 816, 'y': 297, 'label': 3}, {'x': 798, 'y': 428, 'label': 4}, {'x': 902, 'y': 500, 'label': 5}, {'x': 917, 'y': 632, 'label': 6}, {'x': 773, 'y': 1149, 'label': 7}, {'x': 486, 'y': 1212, 'label': 8}, {'x': 205, 'y': 1145, 'label': 9}, {'x': 62, 'y': 712, 'label': 10}, {'x': 128, 'y': 502, 'label': 11}, {'x': 255, 'y': 407, 'label': 12}, {'x': 289, 'y': 273, 'label': 13}]",4d7e2fdc-4140-4e2c-af1f-16679df908ff,/Users/log/Github/sketchvlm/datasets/connect_dots_dataset/worksheets_gt/cupcake.png,worksheets,worksheets_gt,18.0,datasets/connect_dots/images/cupcake.png,"[1, 2, 3, 4, 5, 6, 7, 8, 9, 10, 11, 12, 13]",datasets/connect_dots/labels/cupcake_gt.png,connect_the_dots,Connect the numbered dots (1..N) in order to form the ground-truth polyline.
paper_airplane,12,1343.0,1027.0,"[{'x': 675, 'y': 288, 'label': 1}, {'x': 459, 'y': 488, 'label': 2}, {'x': 246, 'y': 709, 'label': 3}, {'x': 542, 'y': 542, 'label': 4}, {'x': 773, 'y': 405, 'label': 5}, {'x': 700, 'y': 529, 'label': 6}, {'x': 427, 'y': 695, 'label': 7}, {'x': 75, 'y': 887, 'label': 8}, {'x': 325, 'y': 796, 'label': 9}, {'x': 555, 'y': 725, 'label': 10}, {'x': 871, 'y': 648, 'label': 11}, {'x': 1251, 'y': 530, 'label': 12}]",08646f90-3a6b-4ecb-b393-2ad4bfb690e8,/Users/log/Github/sketchvlm/datasets/connect_dots_dataset/worksheets_gt/paper_airplane.png,worksheets,worksheets_gt,14.0,datasets/connect_dots/images/paper_airplane.png,"[1, 2, 3, 4, 5, 6, 7, 8, 9, 10, 11, 12]",datasets/connect_dots/labels/paper_airplane_gt.png,connect_the_dots,Connect the numbered dots (1..N) in order to form the ground-truth polyline.
dino,20,606.0,753.0,"[{'x': 153, 'y': 343, 'label': 1}, {'x': 244, 'y': 325, 'label': 2}, {'x': 337, 'y': 358, 'label': 3}, {'x': 388, 'y': 412, 'label': 4}, {'x': 444, 'y': 517, 'label': 5}, {'x': 576, 'y': 533, 'label': 6}, {'x': 505, 'y': 571, 'label': 7}, {'x': 444, 'y': 559, 'label': 8}, {'x': 339, 'y': 462, 'label': 9}, {'x': 314, 'y': 496, 'label': 10}, {'x': 330, 'y': 546, 'label': 11}, {'x': 252, 'y': 560, 'label': 12}, {'x': 235, 'y': 468, 'label': 13}, {'x': 203, 'y': 468, 'label': 14}, {'x': 199, 'y': 559, 'label': 15}, {'x': 111, 'y': 547, 'label': 16}, {'x': 100, 'y': 427, 'label': 17}, {'x': 77, 'y': 334, 'label': 18}, {'x': 115, 'y': 235, 'label': 19}, {'x': 122, 'y': 163, 'label': 20}]",66fdf1bd-cdaf-4007-bd2d-b0c5af5b976a,/Users/log/Github/sketchvlm/datasets/connect_dots_dataset/worksheets_gt/dino.png,worksheets,worksheets_gt,19.0,datasets/connect_dots/images/dino.png,"[1, 2, 3, 4, 5, 6, 7, 8, 9, 10, 11, 12, 13, 14, 15, 16, 17, 18, 19, 20]",datasets/connect_dots/labels/dino_gt.png,connect_the_dots,Connect the numbered dots (1..N) in order to form the ground-truth polyline.
helmet,17,977.0,1188.0,"[{'x': 461, 'y': 101, 'label': 1}, {'x': 639, 'y': 144, 'label': 2}, {'x': 755, 'y': 233, 'label': 3}, {'x': 834, 'y': 394, 'label': 4}, {'x': 845, 'y': 470, 'label': 5}, {'x': 879, 'y': 640, 'label': 6}, {'x': 874, 'y': 795, 'label': 7}, {'x': 829, 'y': 912, 'label': 8}, {'x': 716, 'y': 982, 'label': 9}, {'x': 560, 'y': 908, 'label': 10}, {'x': 478, 'y': 987, 'label': 11}, {'x': 319, 'y': 893, 'label': 12}, {'x': 137, 'y': 791, 'label': 13}, {'x': 147, 'y': 692, 'label': 14}, {'x': 105, 'y': 505, 'label': 15}, {'x': 153, 'y': 287, 'label': 16}, {'x': 282, 'y': 153, 'label': 17}]",03a2e66a-60f2-44bd-b2f2-1f361d6e1c6c,/Users/log/Github/sketchvlm/datasets/connect_dots_dataset/worksheets_gt/helmet.png,worksheets,worksheets_gt,5.0,datasets/connect_dots/images/helmet.png,"[1, 2, 3, 4, 5, 6, 7, 8, 9, 10, 11, 12, 13, 14, 15, 16, 17]",datasets/connect_dots/labels/helmet_gt.png,connect_the_dots,Connect the numbered dots (1..N) in order to form the ground-truth polyline.
pear,11,1038.0,1035.0,"[{'x': 746, 'y': 367, 'label': 1}, {'x': 758, 'y': 501, 'label': 2}, {'x': 754, 'y': 660, 'label': 3}, {'x': 720, 'y': 808, 'label': 4}, {'x': 590, 'y': 895, 'label': 5}, {'x': 434, 'y': 883, 'label': 6}, {'x': 303, 'y': 797, 'label': 7}, {'x': 271, 'y': 647, 'label': 8}, {'x': 358, 'y': 519, 'label': 9}, {'x': 493, 'y': 442, 'label': 10}, {'x': 602, 'y': 328, 'label': 11}]",93e13fed-eb86-4af7-ab43-a0c5b0a5eeb7,/Users/log/Github/sketchvlm/datasets/connect_dots_dataset/worksheets_gt/pear.png,worksheets,worksheets_gt,15.0,datasets/connect_dots/images/pear.png,"[1, 2, 3, 4, 5, 6, 7, 8, 9, 10, 11]",datasets/connect_dots/labels/pear_gt.png,connect_the_dots,Connect the numbered dots (1..N) in order to form the ground-truth polyline.
alien,22,864.0,1117.0,"[{'x': 453, 'y': 365, 'label': 1}, {'x': 668, 'y': 417, 'label': 2}, {'x': 691, 'y': 499, 'label': 3}, {'x': 779, 'y': 497, 'label': 4}, {'x': 778, 'y': 594, 'label': 5}, {'x': 701, 'y': 585, 'label': 6}, {'x': 630, 'y': 638, 'label': 7}, {'x': 631, 'y': 794, 'label': 8}, {'x': 631, 'y': 866, 'label': 9}, {'x': 573, 'y': 894, 'label': 10}, {'x': 525, 'y': 790, 'label': 11}, {'x': 365, 'y': 792, 'label': 12}, {'x': 365, 'y': 893, 'label': 13}, {'x': 304, 'y': 905, 'label': 14}, {'x': 212, 'y': 674, 'label': 15}, {'x': 224, 'y': 624, 'label': 16}, {'x': 165, 'y': 608, 'label': 17}, {'x': 181, 'y': 540, 'label': 18}, {'x': 59, 'y': 509, 'label': 19}, {'x': 99, 'y': 439, 'label': 20}, {'x': 196, 'y': 458, 'label': 21}, {'x': 290, 'y': 386, 'label': 22}]",4867d431-9066-443c-bb11-a72e7f739a13,/Users/log/Github/sketchvlm/datasets/connect_dots_dataset/worksheets_gt/alien.png,worksheets,worksheets_gt,3.0,datasets/connect_dots/images/alien.png,"[1, 2, 3, 4, 5, 6, 7, 8, 9, 10, 11, 12, 13, 14, 15, 16, 17, 18, 19, 20, 21, 22]",datasets/connect_dots/labels/alien_gt.png,connect_the_dots,Connect the numbered dots (1..N) in order to form the ground-truth polyline.
watermelon,7,1455.0,1129.0,"[{'x': 1386, 'y': 274, 'label': 1}, {'x': 1311, 'y': 561, 'label': 2}, {'x': 1052, 'y': 831, 'label': 3}, {'x': 707, 'y': 903, 'label': 4}, {'x': 398, 'y': 801, 'label': 5}, {'x': 193, 'y': 570, 'label': 6}, {'x': 71, 'y': 279, 'label': 7}]",83416918-6ab0-40ce-ab39-1151bbd1c00b,/Users/log/Github/sketchvlm/datasets/connect_dots_dataset/worksheets_gt/watermelon.png,worksheets,worksheets_gt,26.0,datasets/connect_dots/images/watermelon.png,"[1, 2, 3, 4, 5, 6, 7]",datasets/connect_dots/labels/watermelon_gt.png,connect_the_dots,Connect the numbered dots (1..N) in order to form the ground-truth polyline.
banana2,10,270.0,350.0,"[{'x': 136, 'y': 118, 'label': 1}, {'x': 127, 'y': 143, 'label': 2}, {'x': 112, 'y': 169, 'label': 3}, {'x': 89, 'y': 190, 'label': 4}, {'x': 63, 'y': 208, 'label': 5}, {'x': 194, 'y': 156, 'label': 6}, {'x': 182, 'y': 189, 'label': 7}, {'x': 162, 'y': 218, 'label': 8}, {'x': 136, 'y': 239, 'label': 9}, {'x': 98, 'y': 254, 'label': 10}]",85aaa35a-0cb4-43d1-a900-21383b70a285,/Users/log/Github/sketchvlm/datasets/connect_dots_dataset/worksheets_gt/banana2.png,worksheets,worksheets_gt,9.0,datasets/connect_dots/images/banana2.jpg,"[1, 2, 3, 4, 5, 6, 7, 8, 9, 10]",datasets/connect_dots/labels/banana2_gt.png,connect_the_dots,Connect the numbered dots (1..N) in order to form the ground-truth polyline.
microphone,10,804.0,1076.0,"[{'x': 247, 'y': 261, 'label': 1}, {'x': 282, 'y': 148, 'label': 2}, {'x': 405, 'y': 87, 'label': 3}, {'x': 530, 'y': 148, 'label': 4}, {'x': 557, 'y': 262, 'label': 5}, {'x': 516, 'y': 371, 'label': 6}, {'x': 483, 'y': 973, 'label': 7}, {'x': 412, 'y': 998, 'label': 8}, {'x': 348, 'y': 973, 'label': 9}, {'x': 294, 'y': 382, 'label': 10}]",0137e2f4-1980-4d67-9a54-9753f49f66cb,/Users/log/Github/sketchvlm/datasets/connect_dots_dataset/worksheets_gt/microphone.png,worksheets,worksheets_gt,11.0,datasets/connect_dots/images/microphone.png,"[1, 2, 3, 4, 5, 6, 7, 8, 9, 10]",datasets/connect_dots/labels/microphone_gt.png,connect_the_dots,Connect the numbered dots (1..N) in order to form the ground-truth polyline.
train,22,1692.0,1303.0,"[{'x': 1163, 'y': 277, 'label': 1}, {'x': 1286, 'y': 346, 'label': 2}, {'x': 1201, 'y': 390, 'label': 3}, {'x': 1219, 'y': 483, 'label': 4}, {'x': 1358, 'y': 486, 'label': 5}, {'x': 1395, 'y': 613, 'label': 6}, {'x': 1343, 'y': 767, 'label': 7}, {'x': 1248, 'y': 842, 'label': 8}, {'x': 1451, 'y': 1056, 'label': 9}, {'x': 1247, 'y': 1136, 'label': 10}, {'x': 1118, 'y': 1150, 'label': 11}, {'x': 1080, 'y': 941, 'label': 12}, {'x': 744, 'y': 961, 'label': 13}, {'x': 399, 'y': 1059, 'label': 14}, {'x': 287, 'y': 654, 'label': 15}, {'x': 562, 'y': 577, 'label': 16}, {'x': 667, 'y': 572, 'label': 17}, {'x': 745, 'y': 633, 'label': 18}, {'x': 959, 'y': 553, 'label': 19}, {'x': 1041, 'y': 502, 'label': 20}, {'x': 1021, 'y': 429, 'label': 21}, {'x': 979, 'y': 349, 'label': 22}]",d183bca4-0ddc-48a4-b472-962102c0f80a,/Users/log/Github/sketchvlm/datasets/connect_dots_dataset/worksheets_gt/train.png,worksheets,worksheets_gt,23.0,datasets/connect_dots/images/train.png,"[1, 2, 3, 4, 5, 6, 7, 8, 9, 10, 11, 12, 13, 14, 15, 16, 17, 18, 19, 20, 21, 22]",datasets/connect_dots/labels/train_gt.png,connect_the_dots,Connect the numbered dots (1..N) in order to form the ground-truth polyline.
heart,14,1421.0,1101.0,"[{'x': 749, 'y': 278, 'label': 1}, {'x': 910, 'y': 139, 'label': 2}, {'x': 1141, 'y': 167, 'label': 3}, {'x': 1237, 'y': 444, 'label': 4}, {'x': 1173, 'y': 580, 'label': 5}, {'x': 992, 'y': 687, 'label': 6}, {'x': 877, 'y': 829, 'label': 7}, {'x': 758, 'y': 949, 'label': 8}, {'x': 660, 'y': 842, 'label': 9}, {'x': 461, 'y': 683, 'label': 10}, {'x': 301, 'y': 579, 'label': 11}, {'x': 271, 'y': 410, 'label': 12}, {'x': 361, 'y': 165, 'label': 13}, {'x': 568, 'y': 110, 'label': 14}]",8dfc4a17-2fb2-410b-bfaa-1160de028c3a,/Users/log/Github/sketchvlm/datasets/connect_dots_dataset/worksheets_gt/heart.png,worksheets,worksheets_gt,4.0,datasets/connect_dots/images/heart.png,"[1, 2, 3, 4, 5, 6, 7, 8, 9, 10, 11, 12, 13, 14]",datasets/connect_dots/labels/heart_gt.png,connect_the_dots,Connect the numbered dots (1..N) in order to form the ground-truth polyline.
c,10,593.0,749.0,"[{'x': 140, 'y': 286, 'label': 1}, {'x': 121, 'y': 338, 'label': 2}, {'x': 110, 'y': 397, 'label': 3}, {'x': 112, 'y': 464, 'label': 4}, {'x': 130, 'y': 515, 'label': 5}, {'x': 154, 'y': 562, 'label': 6}, {'x': 189, 'y': 601, 'label': 7}, {'x': 243, 'y': 630, 'label': 8}, {'x': 300, 'y': 637, 'label': 9}, {'x': 357, 'y': 629, 'label': 10}]",c4dbe59a-0176-44c3-9c8d-60a6b3ed3eaa,/Users/log/Github/sketchvlm/datasets/connect_dots_dataset/worksheets_gt/c.png,worksheets,worksheets_gt,14.0,datasets/connect_dots/images/c.png,"[1, 2, 3, 4, 5, 6, 7, 8, 9, 10]",datasets/connect_dots/labels/c_gt.png,connect_the_dots,Connect the numbered dots (1..N) in order to form the ground-truth polyline.
turtle,17,1481.0,1138.0,"[{'x': 1092, 'y': 661, 'label': 1}, {'x': 1027, 'y': 641, 'label': 2}, {'x': 1001, 'y': 516, 'label': 3}, {'x': 927, 'y': 391, 'label': 4}, {'x': 840, 'y': 313, 'label': 5}, {'x': 707, 'y': 258, 'label': 6}, {'x': 537, 'y': 266, 'label': 7}, {'x': 411, 'y': 346, 'label': 8}, {'x': 302, 'y': 461, 'label': 9}, {'x': 239, 'y': 594, 'label': 10}, {'x': 191, 'y': 750, 'label': 11}, {'x': 407, 'y': 846, 'label': 12}, {'x': 517, 'y': 856, 'label': 13}, {'x': 610, 'y': 819, 'label': 14}, {'x': 732, 'y': 871, 'label': 15}, {'x': 862, 'y': 823, 'label': 16}, {'x': 1057, 'y': 744, 'label': 17}]",90992af7-4baa-4f8a-bcdd-109786a7828a,/Users/log/Github/sketchvlm/datasets/connect_dots_dataset/worksheets_gt/turtle.png,worksheets,worksheets_gt,24.0,datasets/connect_dots/images/turtle.png,"[1, 2, 3, 4, 5, 6, 7, 8, 9, 10, 11, 12, 13, 14, 15, 16, 17]",datasets/connect_dots/labels/turtle_gt.png,connect_the_dots,Connect the numbered dots (1..N) in order to form the ground-truth polyline.
flag,11,894.0,1167.0,"[{'x': 150, 'y': 218, 'label': 1}, {'x': 242, 'y': 153, 'label': 2}, {'x': 338, 'y': 156, 'label': 3}, {'x': 518, 'y': 182, 'label': 4}, {'x': 761, 'y': 111, 'label': 5}, {'x': 748, 'y': 503, 'label': 6}, {'x': 549, 'y': 577, 'label': 7}, {'x': 345, 'y': 519, 'label': 8}, {'x': 150, 'y': 533, 'label': 9}, {'x': 122, 'y': 844, 'label': 10}, {'x': 122, 'y': 1109, 'label': 11}]",9842d673-1517-4d6d-be33-ed58e39857d9,/Users/log/Github/sketchvlm/datasets/connect_dots_dataset/worksheets_gt/flag.png,worksheets,worksheets_gt,21.0,datasets/connect_dots/images/flag.png,"[1, 2, 3, 4, 5, 6, 7, 8, 9, 10, 11]",datasets/connect_dots/labels/flag_gt.png,connect_the_dots,Connect the numbered dots (1..N) in order to form the ground-truth polyline.
star,30,885.0,951.0,"[{'x': 314, 'y': 352, 'label': 1}, {'x': 237, 'y': 334, 'label': 2}, {'x': 158, 'y': 338, 'label': 3}, {'x': 82, 'y': 360, 'label': 4}, {'x': 84, 'y': 422, 'label': 5}, {'x': 133, 'y': 481, 'label': 6}, {'x': 198, 'y': 527, 'label': 7}, {'x': 272, 'y': 548, 'label': 8}, {'x': 223, 'y': 603, 'label': 9}, {'x': 193, 'y': 672, 'label': 10}, {'x': 184, 'y': 748, 'label': 11}, {'x': 193, 'y': 821, 'label': 12}, {'x': 270, 'y': 807, 'label': 13}, {'x': 341, 'y': 776, 'label': 14}, {'x': 399, 'y': 726, 'label': 15}, {'x': 430, 'y': 655, 'label': 16}, {'x': 468, 'y': 719, 'label': 17}, {'x': 518, 'y': 776, 'label': 18}, {'x': 582, 'y': 811, 'label': 19}, {'x': 655, 'y': 817, 'label': 20}, {'x': 678, 'y': 752, 'label': 21}, {'x': 671, 'y': 676, 'label': 22}, {'x': 647, 'y': 610, 'label': 23}, {'x': 598, 'y': 554, 'label': 24}, {'x': 733, 'y': 486, 'label': 25}, {'x': 786, 'y': 433, 'label': 26}, {'x': 815, 'y': 367, 'label': 27}, {'x': 733, 'y': 340, 'label': 28}, {'x': 647, 'y': 330, 'label': 29}, {'x': 565, 'y': 353, 'label': 30}]",96c76fc1-c5dc-454c-b648-86f17243a6f2,/Users/log/Github/sketchvlm/datasets/connect_dots_dataset/worksheets_gt/star.png,worksheets,worksheets_gt,20.0,datasets/connect_dots/images/star.png,"[1, 2, 3, 4, 5, 6, 7, 8, 9, 10, 11, 12, 13, 14, 15, 16, 17, 18, 19, 20, 21, 22, 23, 24, 25, 26, 27, 28, 29, 30]",datasets/connect_dots/labels/star_gt.png,connect_the_dots,Connect the numbered dots (1..N) in order to form the ground-truth polyline.
zipper,12,917.0,1208.0,"[{'x': 502, 'y': 345, 'label': 1}, {'x': 415, 'y': 427, 'label': 2}, {'x': 505, 'y': 501, 'label': 3}, {'x': 410, 'y': 560, 'label': 4}, {'x': 506, 'y': 636, 'label': 5}, {'x': 403, 'y': 702, 'label': 6}, {'x': 501, 'y': 773, 'label': 7}, {'x': 410, 'y': 840, 'label': 8}, {'x': 505, 'y': 918, 'label': 9}, {'x': 414, 'y': 984, 'label': 10}, {'x': 505, 'y': 1071, 'label': 11}, {'x': 418, 'y': 1136, 'label': 12}]",83b1d102-b9b3-41c8-a807-142b56512607,/Users/log/Github/sketchvlm/datasets/connect_dots_dataset/worksheets_gt/zipper.png,worksheets,worksheets_gt,27.0,datasets/connect_dots/images/zipper.png,"[1, 2, 3, 4, 5, 6, 7, 8, 9, 10, 11, 12]",datasets/connect_dots/labels/zipper_gt.png,connect_the_dots,Connect the numbered dots (1..N) in order to form the ground-truth polyline.
butterfly,24,1391.0,1066.0,"[{'x': 809, 'y': 254, 'label': 1}, {'x': 896, 'y': 162, 'label': 2}, {'x': 1025, 'y': 126, 'label': 3}, {'x': 1158, 'y': 162, 'label': 4}, {'x': 1242, 'y': 268, 'label': 5}, {'x': 1274, 'y': 405, 'label': 6}, {'x': 1229, 'y': 549, 'label': 7}, {'x': 1119, 'y': 631, 'label': 8}, {'x': 1156, 'y': 777, 'label': 9}, {'x': 1091, 'y': 899, 'label': 10}, {'x': 964, 'y': 934, 'label': 11}, {'x': 853, 'y': 872, 'label': 12}, {'x': 551, 'y': 879, 'label': 13}, {'x': 442, 'y': 939, 'label': 14}, {'x': 312, 'y': 907, 'label': 15}, {'x': 250, 'y': 780, 'label': 16}, {'x': 284, 'y': 631, 'label': 17}, {'x': 179, 'y': 556, 'label': 18}, {'x': 130, 'y': 407, 'label': 19}, {'x': 160, 'y': 275, 'label': 20}, {'x': 246, 'y': 166, 'label': 21}, {'x': 381, 'y': 129, 'label': 22}, {'x': 507, 'y': 168, 'label': 23}, {'x': 595, 'y': 258, 'label': 24}]",c6a9d0de-7430-444b-968f-c15e15b4b24e,/Users/log/Github/sketchvlm/datasets/connect_dots_dataset/worksheets_gt/butterfly.png,worksheets,worksheets_gt,13.0,datasets/connect_dots/images/butterfly.png,"[1, 2, 3, 4, 5, 6, 7, 8, 9, 10, 11, 12, 13, 14, 15, 16, 17, 18, 19, 20, 21, 22, 23, 24]",datasets/connect_dots/labels/butterfly_gt.png,connect_the_dots,Connect the numbered dots (1..N) in order to form the ground-truth polyline.
4,32,600.0,849.0,"[{'x': 412, 'y': 314, 'label': 1}, {'x': 417, 'y': 358, 'label': 2}, {'x': 418, 'y': 409, 'label': 3}, {'x': 418, 'y': 456, 'label': 4}, {'x': 416, 'y': 503, 'label': 5}, {'x': 419, 'y': 538, 'label': 6}, {'x': 446, 'y': 550, 'label': 7}, {'x': 464, 'y': 559, 'label': 8}, {'x': 467, 'y': 596, 'label': 9}, {'x': 461, 'y': 626, 'label': 10}, {'x': 434, 'y': 632, 'label': 11}, {'x': 418, 'y': 648, 'label': 12}, {'x': 416, 'y': 690, 'label': 13}, {'x': 409, 'y': 723, 'label': 14}, {'x': 362, 'y': 731, 'label': 15}, {'x': 327, 'y': 728, 'label': 16}, {'x': 316, 'y': 711, 'label': 17}, {'x': 314, 'y': 666, 'label': 18}, {'x': 311, 'y': 644, 'label': 19}, {'x': 284, 'y': 636, 'label': 20}, {'x': 233, 'y': 635, 'label': 21}, {'x': 179, 'y': 633, 'label': 22}, {'x': 151, 'y': 627, 'label': 23}, {'x': 140, 'y': 610, 'label': 24}, {'x': 139, 'y': 569, 'label': 25}, {'x': 143, 'y': 540, 'label': 26}, {'x': 166, 'y': 505, 'label': 27}, {'x': 197, 'y': 469, 'label': 28}, {'x': 226, 'y': 430, 'label': 29}, {'x': 254, 'y': 396, 'label': 30}, {'x': 282, 'y': 359, 'label': 31}, {'x': 310, 'y': 321, 'label': 32}]",d8132fdd-92cc-4d9d-8a83-0dd19a345427,/Users/log/Github/sketchvlm/datasets/connect_dots_dataset/worksheets_gt/4.png,worksheets,worksheets_gt,0.0,datasets/connect_dots/images/4.jpg,"[1, 2, 3, 4, 5, 6, 7, 8, 9, 10, 11, 12, 13, 14, 15, 16, 17, 18, 19, 20, 21, 22, 23, 24, 25, 26, 27, 28, 29, 30, 31, 32]",datasets/connect_dots/labels/4_gt.png,connect_the_dots,Connect the numbered dots (1..N) in order to form the ground-truth polyline.
tooth,10,928.0,1199.0,"[{'x': 696, 'y': 134, 'label': 1}, {'x': 795, 'y': 284, 'label': 2}, {'x': 711, 'y': 656, 'label': 3}, {'x': 506, 'y': 1072, 'label': 4}, {'x': 561, 'y': 714, 'label': 5}, {'x': 327, 'y': 697, 'label': 6}, {'x': 283, 'y': 1064, 'label': 7}, {'x': 120, 'y': 646, 'label': 8}, {'x': 183, 'y': 101, 'label': 9}, {'x': 446, 'y': 217, 'label': 10}]",7a9eb238-668d-44e6-929b-c243d482150f,/Users/log/Github/sketchvlm/datasets/connect_dots_dataset/worksheets_gt/tooth.png,worksheets,worksheets_gt,22.0,datasets/connect_dots/images/tooth.png,"[1, 2, 3, 4, 5, 6, 7, 8, 9, 10]",datasets/connect_dots/labels/tooth_gt.png,connect_the_dots,Connect the numbered dots (1..N) in order to form the ground-truth polyline.
umbrella,18,946.0,1232.0,"[{'x': 183, 'y': 281, 'label': 1}, {'x': 437, 'y': 227, 'label': 2}, {'x': 646, 'y': 266, 'label': 3}, {'x': 778, 'y': 332, 'label': 4}, {'x': 854, 'y': 441, 'label': 5}, {'x': 898, 'y': 551, 'label': 6}, {'x': 819, 'y': 512, 'label': 7}, {'x': 750, 'y': 594, 'label': 8}, {'x': 670, 'y': 514, 'label': 9}, {'x': 571, 'y': 588, 'label': 10}, {'x': 515, 'y': 527, 'label': 11}, {'x': 439, 'y': 590, 'label': 12}, {'x': 359, 'y': 532, 'label': 13}, {'x': 290, 'y': 599, 'label': 14}, {'x': 203, 'y': 533, 'label': 15}, {'x': 140, 'y': 594, 'label': 16}, {'x': 70, 'y': 545, 'label': 17}, {'x': 86, 'y': 409, 'label': 18}]",876535ff-ad34-40c4-aab6-44d8325800ba,/Users/log/Github/sketchvlm/datasets/connect_dots_dataset/worksheets_gt/umbrella.png,worksheets,worksheets_gt,25.0,datasets/connect_dots/images/umbrella.png,"[1, 2, 3, 4, 5, 6, 7, 8, 9, 10, 11, 12, 13, 14, 15, 16, 17, 18]",datasets/connect_dots/labels/umbrella_gt.png,connect_the_dots,Connect the numbered dots (1..N) in order to form the ground-truth polyline.
cap,12,1492.0,1156.0,"[{'x': 964, 'y': 131, 'label': 1}, {'x': 1164, 'y': 217, 'label': 2}, {'x': 1312, 'y': 426, 'label': 3}, {'x': 1269, 'y': 728, 'label': 4}, {'x': 1111, 'y': 725, 'label': 5}, {'x': 915, 'y': 957, 'label': 6}, {'x': 742, 'y': 1020, 'label': 7}, {'x': 604, 'y': 1022, 'label': 8}, {'x': 179, 'y': 836, 'label': 9}, {'x': 423, 'y': 597, 'label': 10}, {'x': 512, 'y': 265, 'label': 11}, {'x': 739, 'y': 126, 'label': 12}]",7f960a7b-367d-49ac-bba5-9a839f9c9776,/Users/log/Github/sketchvlm/datasets/connect_dots_dataset/worksheets_gt/cap.png,worksheets,worksheets_gt,15.0,datasets/connect_dots/images/cap.png,"[1, 2, 3, 4, 5, 6, 7, 8, 9, 10, 11, 12]",datasets/connect_dots/labels/cap_gt.png,connect_the_dots,Connect the numbered dots (1..N) in order to form the ground-truth polyline.
glasses,13,1520.0,1159.0,"[{'x': 777, 'y': 380, 'label': 1}, {'x': 1099, 'y': 395, 'label': 2}, {'x': 1403, 'y': 446, 'label': 3}, {'x': 1334, 'y': 677, 'label': 4}, {'x': 1022, 'y': 768, 'label': 5}, {'x': 887, 'y': 594, 'label': 6}, {'x': 800, 'y': 461, 'label': 7}, {'x': 737, 'y': 458, 'label': 8}, {'x': 664, 'y': 593, 'label': 9}, {'x': 527, 'y': 751, 'label': 10}, {'x': 224, 'y': 696, 'label': 11}, {'x': 156, 'y': 445, 'label': 12}, {'x': 444, 'y': 411, 'label': 13}]",25d39d3c-3bc8-4cb1-b608-07369bf0f24c,/Users/log/Github/sketchvlm/datasets/connect_dots_dataset/worksheets_gt/glasses.png,worksheets,worksheets_gt,3.0,datasets/connect_dots/images/glasses.png,"[1, 2, 3, 4, 5, 6, 7, 8, 9, 10, 11, 12, 13]",datasets/connect_dots/labels/glasses_gt.png,connect_the_dots,Connect the numbered dots (1..N) in order to form the ground-truth polyline.
icecream,21,1053.0,1334.0,"[{'x': 501, 'y': 73, 'label': 1}, {'x': 657, 'y': 148, 'label': 2}, {'x': 737, 'y': 253, 'label': 3}, {'x': 819, 'y': 332, 'label': 4}, {'x': 877, 'y': 446, 'label': 5}, {'x': 878, 'y': 586, 'label': 6}, {'x': 764, 'y': 637, 'label': 7}, {'x': 716, 'y': 778, 'label': 8}, {'x': 685, 'y': 882, 'label': 9}, {'x': 645, 'y': 1017, 'label': 10}, {'x': 605, 'y': 1154, 'label': 11}, {'x': 538, 'y': 1227, 'label': 12}, {'x': 468, 'y': 1153, 'label': 13}, {'x': 409, 'y': 1033, 'label': 14}, {'x': 383, 'y': 902, 'label': 15}, {'x': 336, 'y': 789, 'label': 16}, {'x': 303, 'y': 650, 'label': 17}, {'x': 195, 'y': 556, 'label': 18}, {'x': 210, 'y': 413, 'label': 19}, {'x': 292, 'y': 261, 'label': 20}, {'x': 383, 'y': 117, 'label': 21}]",da4373dc-bf56-46cd-9dc3-6d0779e32ecc,/Users/log/Github/sketchvlm/datasets/connect_dots_dataset/worksheets_gt/icecream.png,worksheets,worksheets_gt,7.0,datasets/connect_dots/images/icecream.png,"[1, 2, 3, 4, 5, 6, 7, 8, 9, 10, 11, 12, 13, 14, 15, 16, 17, 18, 19, 20, 21]",datasets/connect_dots/labels/icecream_gt.png,connect_the_dots,Connect the numbered dots (1..N) in order to form the ground-truth polyline.
boat,7,727.0,765.0,"[{'x': 358, 'y': 416, 'label': 1}, {'x': 171, 'y': 432, 'label': 2}, {'x': 352, 'y': 181, 'label': 3}, {'x': 352, 'y': 217, 'label': 4}, {'x': 599, 'y': 444, 'label': 5}, {'x': 364, 'y': 455, 'label': 6}, {'x': 363, 'y': 483, 'label': 7}]",1c5f648f-4fcb-4323-b22e-00f31f90086a,/Users/log/Github/sketchvlm/datasets/connect_dots_dataset/worksheets_gt/boat.png,worksheets,worksheets_gt,11.0,datasets/connect_dots/images/boat.png,"[1, 2, 3, 4, 5, 6, 7]",datasets/connect_dots/labels/boat_gt.png,connect_the_dots,Connect the numbered dots (1..N) in order to form the ground-truth polyline.
apple2,18,800.0,881.0,"[{'x': 448, 'y': 207, 'label': 1}, {'x': 529, 'y': 190, 'label': 2}, {'x': 597, 'y': 129, 'label': 3}, {'x': 653, 'y': 152, 'label': 4}, {'x': 650, 'y': 198, 'label': 5}, {'x': 718, 'y': 267, 'label': 6}, {'x': 744, 'y': 387, 'label': 7}, {'x': 672, 'y': 579, 'label': 8}, {'x': 638, 'y': 724, 'label': 9}, {'x': 549, 'y': 824, 'label': 10}, {'x': 404, 'y': 808, 'label': 11}, {'x': 221, 'y': 821, 'label': 12}, {'x': 153, 'y': 718, 'label': 13}, {'x': 121, 'y': 580, 'label': 14}, {'x': 59, 'y': 386, 'label': 15}, {'x': 89, 'y': 265, 'label': 16}, {'x': 214, 'y': 187, 'label': 17}, {'x': 369, 'y': 208, 'label': 18}]",b319e6a5-6a16-4235-bd86-7bdb79699707,/Users/log/Github/sketchvlm/datasets/connect_dots_dataset/worksheets_gt/apple2.png,worksheets,worksheets_gt,5.0,datasets/connect_dots/images/apple2.jpg,"[1, 2, 3, 4, 5, 6, 7, 8, 9, 10, 11, 12, 13, 14, 15, 16, 17, 18]",datasets/connect_dots/labels/apple2_gt.png,connect_the_dots,Connect the numbered dots (1..N) in order to form the ground-truth polyline.
balloon,6,595.0,725.0,"[{'x': 194, 'y': 152, 'label': 1}, {'x': 237, 'y': 294, 'label': 2}, {'x': 326, 'y': 414, 'label': 3}, {'x': 362, 'y': 404, 'label': 4}, {'x': 383, 'y': 256, 'label': 5}, {'x': 344, 'y': 110, 'label': 6}]",6581aa09-f657-4621-931e-4b2879d13efb,/Users/log/Github/sketchvlm/datasets/connect_dots_dataset/worksheets_gt/balloon.png,worksheets,worksheets_gt,7.0,datasets/connect_dots/images/balloon.png,"[1, 2, 3, 4, 5, 6]",datasets/connect_dots/labels/balloon_gt.png,connect_the_dots,Connect the numbered dots (1..N) in order to form the ground-truth polyline.
tomato,8,820.0,1077.0,"[{'x': 480, 'y': 198, 'label': 1}, {'x': 680, 'y': 286, 'label': 2}, {'x': 723, 'y': 543, 'label': 3}, {'x': 618, 'y': 741, 'label': 4}, {'x': 428, 'y': 847, 'label': 5}, {'x': 232, 'y': 883, 'label': 6}, {'x': 88, 'y': 677, 'label': 7}, {'x': 112, 'y': 365, 'label': 8}]",4717b604-6263-4e92-b3d3-d1fecb2fbc25,/Users/log/Github/sketchvlm/datasets/connect_dots_dataset/worksheets_gt/tomato.png,worksheets,worksheets_gt,21.0,datasets/connect_dots/images/tomato.png,"[1, 2, 3, 4, 5, 6, 7, 8]",datasets/connect_dots/labels/tomato_gt.png,connect_the_dots,Connect the numbered dots (1..N) in order to form the ground-truth polyline.
pencil,12,976.0,1280.0,"[{'x': 241, 'y': 126, 'label': 1}, {'x': 308, 'y': 200, 'label': 2}, {'x': 345, 'y': 231, 'label': 3}, {'x': 370, 'y': 268, 'label': 4}, {'x': 753, 'y': 883, 'label': 5}, {'x': 826, 'y': 1117, 'label': 6}, {'x': 787, 'y': 1137, 'label': 7}, {'x': 637, 'y': 962, 'label': 8}, {'x': 270, 'y': 339, 'label': 9}, {'x': 240, 'y': 301, 'label': 10}, {'x': 224, 'y': 251, 'label': 11}, {'x': 184, 'y': 173, 'label': 12}]",91897a02-eeed-4d97-b5ef-03ca3e6760b2,/Users/log/Github/sketchvlm/datasets/connect_dots_dataset/worksheets_gt/pencil.png,worksheets,worksheets_gt,16.0,datasets/connect_dots/images/pencil.png,"[1, 2, 3, 4, 5, 6, 7, 8, 9, 10, 11, 12]",datasets/connect_dots/labels/pencil_gt.png,connect_the_dots,Connect the numbered dots (1..N) in order to form the ground-truth polyline.
bear,26,320.0,440.0,"[{'x': 43, 'y': 370, 'label': 1}, {'x': 28, 'y': 344, 'label': 2}, {'x': 22, 'y': 312, 'label': 3}, {'x': 33, 'y': 283, 'label': 4}, {'x': 59, 'y': 291, 'label': 5}, {'x': 82, 'y': 256, 'label': 6}, {'x': 110, 'y': 229, 'label': 7}, {'x': 94, 'y': 207, 'label': 8}, {'x': 103, 'y': 177, 'label': 9}, {'x': 109, 'y': 146, 'label': 10}, {'x': 87, 'y': 137, 'label': 11}, {'x': 78, 'y': 113, 'label': 12}, {'x': 102, 'y': 93, 'label': 13}, {'x': 125, 'y': 115, 'label': 14}, {'x': 154, 'y': 103, 'label': 15}, {'x': 186, 'y': 104, 'label': 16}, {'x': 209, 'y': 119, 'label': 17}, {'x': 232, 'y': 95, 'label': 18}, {'x': 258, 'y': 116, 'label': 19}, {'x': 248, 'y': 144, 'label': 20}, {'x': 227, 'y': 148, 'label': 21}, {'x': 233, 'y': 180, 'label': 22}, {'x': 244, 'y': 206, 'label': 23}, {'x': 229, 'y': 231, 'label': 24}, {'x': 253, 'y': 257, 'label': 25}, {'x': 273, 'y': 286, 'label': 26}]",d356a247-9bba-46a9-be31-05a608d50c47,/Users/log/Github/sketchvlm/datasets/connect_dots_dataset/worksheets_gt/bear.png,worksheets,worksheets_gt,10.0,datasets/connect_dots/images/bear.png,"[1, 2, 3, 4, 5, 6, 7, 8, 9, 10, 11, 12, 13, 14, 15, 16, 17, 18, 19, 20, 21, 22, 23, 24, 25, 26]",datasets/connect_dots/labels/bear_gt.png,connect_the_dots,Connect the numbered dots (1..N) in order to form the ground-truth polyline.
